,name,frequency,modeling_realm,standard_name,units,cell_methods,cell_measures,long_name,comment,processing_note,dimensions,out_name,type,positive,spatial_shape,temporal_shape,cmip6_table,physical_parameter_name,variableRootDD,branding_label,branded_variable_name,region,cmip6_compound_name,cmip7_compound_name,uid,priority,flag_values,flag_meanings
395,ocean.areacello.ti-u-hxy-u.fx.glb,fx,ocean,cell_area,m2,area: sum,,Grid-Cell Area for Ocean Variables,"Cell areas for any grid used to report ocean variables and variables which are requested as used on the model ocean grid (e.g. hfsso, which is a downward heat flux from the atmosphere interpolated onto the ocean grid). These cell areas should be defined to enable exact calculation of global integrals (e.g., of vertical fluxes of energy at the surface and top of the atmosphere).","For oceans with more than 1 mesh (e.g., staggered grids), report areas that apply to surface vertical fluxes of energy.",longitude latitude,areacello,real,,XY-na,None,Ofx,areacello,areacello,ti-u-hxy-u,areacello_ti-u-hxy-u,glb,Ofx.areacello,ocean.areacello.ti-u-hxy-u.fx.glb,baa3ee94-e5dd-11e5-8482-ac72891c3257,core,,
396,ocean.basin.ti-u-hxy-u.fx.glb,fx,ocean,region,1,area: mean,area: areacello,Region Selection Index,A variable with the standard name of region contains strings which indicate geographical regions. These strings must be chosen from the standard region list.,A variable with the standard name of region contains either strings which indicate a geographical region or flags which can be translated to strings using flag_values and flag_meanings attributes. These strings are standardised. Values must be taken from the CF standard region list. Report on the same grid as the temperature field. CHANGE: Flag values and meanings are in dedicated fields 'Flag values' and 'Flag meanings'. ISSUE: may not be easily machine processed.,longitude latitude,basin,integer,,XY-na,None,Ofx,basin,basin,ti-u-hxy-u,basin_ti-u-hxy-u,glb,Ofx.basin,ocean.basin.ti-u-hxy-u.fx.glb,baa3f718-e5dd-11e5-8482-ac72891c3257,core,0 1 2 3 4 5 6 7 8 9 10,global_land southern_ocean atlantic_ocean pacific_ocean arctic_ocean indian_ocean mediterranean_sea black_sea hudson_bay baltic_sea red_sea
397,ocean.bigthetao.tavg-ol-hxy-sea.mon.glb,mon,ocean,sea_water_conservative_temperature,degC,area: mean where sea time: mean,area: areacello volume: volcello,Sea Water Conservative Temperature,Diagnostic should be contributed only for models using conservative temperature as prognostic field.,,longitude latitude olevel time,bigthetao,real,,XY-O,time-intv,Omon,bigthetao,bigthetao,tavg-ol-hxy-sea,bigthetao_tavg-ol-hxy-sea,glb,Omon.bigthetao,ocean.bigthetao.tavg-ol-hxy-sea.mon.glb,baa5255c-e5dd-11e5-8482-ac72891c3257,core,,
398,ocean.deptho.ti-u-hxy-sea.fx.glb,fx,ocean,sea_floor_depth_below_geoid,m,area: mean where sea,area: areacello,Sea Floor Depth Below Geoid,Ocean bathymetry. Reported here is the sea floor depth for present day relative to z=0 geoid. Reported as missing for land grid cells.,Save both native and spherical.,longitude latitude,deptho,real,,XY-na,None,Ofx,deptho,deptho,ti-u-hxy-sea,deptho_ti-u-hxy-sea,glb,Ofx.deptho,ocean.deptho.ti-u-hxy-sea.fx.glb,baa3e4d0-e5dd-11e5-8482-ac72891c3257,core,,
399,ocean.ficeberg.tavg-ol-hxy-sea.mon.glb,mon,ocean,water_flux_into_sea_water_from_icebergs,kg m-2 s-1,area: mean where sea time: mean,area: areacello volume: volcello,Water Flux into Sea Water from Icebergs,computed as the iceberg melt water  flux into the ocean divided by the area of the ocean portion of the grid cell.,Report on native horizontal grid. Online mapping to depth/pressure vertical grid if depth or pressure are not native.,longitude latitude olevel time,ficeberg,real,,XY-O,time-intv,Omon,ficeberg,ficeberg,tavg-ol-hxy-sea,ficeberg_tavg-ol-hxy-sea,glb,Omon.ficeberg,ocean.ficeberg.tavg-ol-hxy-sea.mon.glb,baa628c6-e5dd-11e5-8482-ac72891c3257,high,,
400,ocean.friver.tavg-u-hxy-sea.mon.glb,mon,ocean,water_flux_into_sea_water_from_rivers,kg m-2 s-1,area: mean where sea time: mean,area: areacello,Water Flux into Sea Water from Rivers,computed as the river flux of water into the ocean divided by the area of the ocean portion of the grid cell.,,longitude latitude time,friver,real,,XY-na,time-intv,Omon,friver,friver,tavg-u-hxy-sea,friver_tavg-u-hxy-sea,glb,Omon.friver,ocean.friver.tavg-u-hxy-sea.mon.glb,baa6247a-e5dd-11e5-8482-ac72891c3257,high,,
401,ocean.hfbasin.tavg-u-hyb-sea.mon.glb,mon,ocean,northward_ocean_heat_transport,W,depth: longitude: sum where sea (along a zig-zag grid path spanning a basin) where sea time: mean,,Northward Ocean Heat Transport,"Contains contributions from all physical processes affecting the northward heat transport, including resolved advection, parameterized advection, lateral diffusion, etc. Diagnosed here as a function of latitude and basin.   Use Celsius for temperature scale.","For models which do not have a Cartesian lat-long grid, this transport can be approximated as the transport across zig-zag paths corresponding to latitudes with spacing between latitudes appropriate to the model's resolution, as is done for the ocean meridional overturning mass streamfunction. CHANGE SINCE CMIP6 in Cell Methods - CMIP6:longitude: sum (comment: basin sum [along zig-zag grid path]) depth: sum time: mean CMIP7:depth: longitude: sum where sea (along a zig-zag grid path spanning a basin) where sea time: mean,",latitude basin time,hfbasin,real,,YB-na,time-intv,Omon,hfbasin,hfbasin,tavg-u-hyb-sea,hfbasin_tavg-u-hyb-sea,glb,Omon.hfbasin,ocean.hfbasin.tavg-u-hyb-sea.mon.glb,baa5c87c-e5dd-11e5-8482-ac72891c3257,high,,
402,ocean.hfds.tavg-u-hxy-sea.mon.glb,mon,ocean,surface_downward_heat_flux_in_sea_water,W m-2,area: mean where sea time: mean,area: areacello,Downward Heat Flux at Sea Water Surface,"This is the net flux of heat entering the liquid water column through its upper surface (excluding any ""flux adjustment"") .",Report on native horizontal grid as well as remapped onto a latitude/longitude grid.,longitude latitude time,hfds,real,down,XY-na,time-intv,Omon,hfds,hfds,tavg-u-hxy-sea,hfds_tavg-u-hxy-sea,glb,Omon.hfds,ocean.hfds.tavg-u-hxy-sea.mon.glb,baa6c33a-e5dd-11e5-8482-ac72891c3257,core,,
403,ocean.hfgeou.ti-u-hxy-sea.fx.glb,fx,ocean,upward_geothermal_heat_flux_at_sea_floor,W m-2,area: mean where sea,area: areacello,Upward Geothermal Heat Flux at Sea Floor,Upward geothermal heat flux per unit area on the sea floor,"Variable value should be reported as the upward flux at bottom of the deepest ocean layer
If this field is time-dependent then save it instead as one of your Omon fields (see the Omon table)",longitude latitude,hfgeou,real,up,XY-na,None,Ofx,hfgeou,hfgeou,ti-u-hxy-sea,hfgeou_ti-u-hxy-sea,glb,Ofx.hfgeou,ocean.hfgeou.ti-u-hxy-sea.fx.glb,baa3fb50-e5dd-11e5-8482-ac72891c3257,core,,
404,ocean.hfx.tavg-ol-hxy-sea.mon.glb,mon,ocean,ocean_heat_x_transport,W,area: mean where sea time: mean,area: areacello volume: volcello,3D Ocean Heat X Transport,Contains all contributions to 'x-ward' heat transport from resolved and parameterized processes. Use Celsius for temperature scale,"3d field. If only the 2d vertically integrated transport is available or is preferred, produce Omon.hfxint instead.
Online mapping to depth/pressure vertical grid if depth or pressure are not native. Report on native horizontal grid.",longitude latitude olevel time,hfx,real,,XY-O,time-intv,Omon,hfx,hfx,tavg-ol-hxy-sea,hfx_tavg-ol-hxy-sea,glb,Omon.hfx,ocean.hfx.tavg-ol-hxy-sea.mon.glb,83bbfb51-7f07-11ef-9308-b1dd71e64bec,high,,
405,ocean.hfx.tavg-u-hxy-sea.mon.glb,mon,ocean,ocean_heat_x_transport,W,area: mean where sea depth: sum where sea (over entire ocean column) time: mean,area: areacello,Vertically Integrated Ocean Heat X Transport,Ocean heat x transport vertically integrated over the whole ocean depth. Contains all contributions to 'x-ward' heat transport from resolved and parameterized processes. Use Celsius for temperature scale. Report on native horizontal grid.,"2d field for CMIP6. Report on native horizontal grid. CHANGE SINCE CMIP6: compound name, 'int' Disambiguation added to allow for both Omon.hfx (3d) and Omon.hfxint (2d). 2d vertically integrated field. If the full 3d transport is preferred, produce Omon.hfx instead.",longitude latitude time,hfx,real,,XY-int,time-intv,Omon,hfx,hfx,tavg-u-hxy-sea,hfx_tavg-u-hxy-sea,glb,Omon.hfxint,ocean.hfx.tavg-u-hxy-sea.mon.glb,baa5e2e4-e5dd-11e5-8482-ac72891c3257,high,,
406,ocean.hfy.tavg-ol-hxy-sea.mon.glb,mon,ocean,ocean_heat_y_transport,W,area: mean where sea time: mean,area: areacello volume: volcello,3D Ocean Heat Y Transport,Contains all contributions to 'y-ward' heat transport from resolved and parameterized processes. Use Celsius for temperature scale.,"3d field. If only the 2d vertically integrated transport is available or is preferred, produce Omon.hfyint instead.
Online mapping to depth/pressure vertical grid if depth or pressure are not native. Report on native horizontal grid.",longitude latitude olevel time,hfy,real,,XY-O,time-intv,Omon,hfy,hfy,tavg-ol-hxy-sea,hfy_tavg-ol-hxy-sea,glb,Omon.hfy,ocean.hfy.tavg-ol-hxy-sea.mon.glb,83bbfb50-7f07-11ef-9308-b1dd71e64bec,high,,
407,ocean.hfy.tavg-u-hxy-sea.mon.glb,mon,ocean,ocean_heat_y_transport,W,area: mean where sea depth: sum where sea (over entire ocean column) time: mean,area: areacello,Vertically Integrated Ocean Heat Y Transport,Ocean heat y transport vertically integrated over the whole ocean depth. Contains all contributions to 'y-ward' heat transport from resolved and parameterized processes. Use Celsius for temperature scale. Report on native horizontal grid.,"2d field for CMIP6. Report on native horizontal grid. CHANGE SINCE CMIP6: compound name, 'int' Disambiguation added to allow for both Omon.hfy (3d) and Omon.hfyint (2d). 2d vertically integrated field. If the full 3d transport is preferred, produce Omon.hfy instead.",longitude latitude time,hfy,real,,XY-int,time-intv,Omon,hfy,hfy,tavg-u-hxy-sea,hfy_tavg-u-hxy-sea,glb,Omon.hfyint,ocean.hfy.tavg-u-hxy-sea.mon.glb,baa5e758-e5dd-11e5-8482-ac72891c3257,high,,
408,ocean.masscello.tavg-ol-hxy-sea.mon.glb,mon,ocean,sea_water_mass_per_unit_area,kg m-2,area: mean where sea time: mean,area: areacello volume: volcello,Ocean Grid-Cell Mass per Area,"For Boussinesq models, report this diagnostic as Boussinesq reference density times grid celll volume.","Report on native horizontal grid as well as on a spherical latitude/longitude grid. Online mapping to depth/pressure vertical grid if depth or pressure are not native. Do not use this field if masscello is fixed: use Ofx.masscello instead. CHANGE SINCE CMIP6 in Cell Methods - CMIP6:area: sum where sea time: mean CMIP7:area: mean where sea time: mean,",longitude latitude olevel time,masscello,real,,XY-O,time-intv,Omon,masscello,masscello,tavg-ol-hxy-sea,masscello_tavg-ol-hxy-sea,glb,Omon.masscello,ocean.masscello.tavg-ol-hxy-sea.mon.glb,baa5147c-e5dd-11e5-8482-ac72891c3257,core,,
409,ocean.masscello.ti-ol-hxy-sea.fx.glb,fx,ocean,sea_water_mass_per_unit_area,kg m-2,area: mean where sea,area: areacello volume: volcello,Ocean Grid-Cell Mass per Area,"Tracer grid-cell mass per unit area used for computing tracer budgets. For Boussinesq models with static ocean grid cell thickness, masscello = rhozero\*thickcello, where thickcello is static cell thickness and rhozero is constant Boussinesq reference density. More generally, masscello is time dependent and reported as part of Omon.","3-d field: report on grid that applies to temperature. Use this variable if masscello is fixed, e.g. for Boussinesq models with static ocean grid cell thickness.
CHANGE SINCE CMIP6 in Cell Methods - CMIP6:area: sum CMIP7:area: mean where sea,",longitude latitude olevel,masscello,real,,XY-O,None,Ofx,masscello,masscello,ti-ol-hxy-sea,masscello_ti-ol-hxy-sea,glb,Ofx.masscello,ocean.masscello.ti-ol-hxy-sea.fx.glb,baa3ea2a-e5dd-11e5-8482-ac72891c3257,core,,
410,ocean.mlotst.tavg-u-hxy-sea.mon.glb,mon,ocean,ocean_mixed_layer_thickness_defined_by_sigma_t,m,area: mean where sea time: mean,area: areacello,Ocean Mixed Layer Thickness Defined by Delta Sigma T of 0.03 kg m-3 referenced to the model level closest to 10 m depth,Sigma T is potential density referenced to ocean surface. Defined by Sigma T of 0.03 kg m-3 wrt to model level closest to 10 m depth.,"dsigmat coordinate added to clarify definition. Report on native horizontal grid as well as on a spherical latitude/longitude grid. CHANGE SINCE CMIP6 in Dimensions - CMIP6:longitude latitude time CMIP7:longitude latitude time deltasigt,",longitude latitude time deltasigt,mlotst,real,,XY-na,time-intv,Omon,mlotst,mlotst,tavg-u-hxy-sea,mlotst_tavg-u-hxy-sea,glb,Omon.mlotst,ocean.mlotst.tavg-u-hxy-sea.mon.glb,baa57688-e5dd-11e5-8482-ac72891c3257,core,,
411,ocean.msftm.tavg-ol-hyb-sea.mon.glb,mon,ocean,ocean_meridional_overturning_mass_streamfunction,kg s-1,depth: longitude: sum where sea (along a zig-zag grid path spanning a basin)  time: mean,,Ocean Meridional Overturning Mass Streamfunction,"Overturning mass streamfunction arising from all advective mass transport processes, resolved and parameterized.","Function of latitude, Z, basin. For a model with a cartesian latxlon grid, this is the same as the ""Ocean Y Overturning Mass Streamfunction"" (msftyz), which should in this case be omitted.  For other models, this transport should be approximated as the transport across zig-zag paths corresponding to latitudes with spacing between latitudes appropriate to the model's resolution. CHANGE SINCE CMIP6 in Cell Methods - CMIP6:longitude: sum (comment: basin sum [along zig-zag grid path]) depth: sum time: mean CMIP7:depth: longitude: sum where sea (along a zig-zag grid path spanning a basin)  time: mean,",latitude olevel basin time,msftm,real,,YB-O,time-intv,Omon,msftmz,msftm,tavg-ol-hyb-sea,msftm_tavg-ol-hyb-sea,glb,Omon.msftmz,ocean.msftm.tavg-ol-hyb-sea.mon.glb,baa59d48-e5dd-11e5-8482-ac72891c3257,high,,
412,ocean.msfty.tavg-ol-ht-sea.mon.glb,mon,ocean,ocean_y_overturning_mass_streamfunction,kg s-1,grid_longitude: sum where sea time: mean,,Ocean Y Overturning Mass Streamfunction,"Overturning mass streamfunction arising from all advective mass transport processes, resolved and parameterized.","Function of Y, rho, basin. For a model with a cartesian latxlon grid, this is the same as the ""Ocean Meridional Overturning Mass Streamfunction"" (msftmrho) and so the y-overturning variable should in this case be omitted. For a model where these are distinct, this variable should contain a grid-oriented quasi-meridional overturning, in contrast with msftmrho, which is the actual \*meridional\* overturning (with north-south flow about an east-west axis).
CHANGE SINCE CMIP6 in Cell Methods - CMIP6:time: mean grid_longitude: mean CMIP7:grid_longitude: sum where sea time: mean,",gridlatitude olevel basin time,msfty,real,,GYB-O,time-intv,Omon,msftyz,msfty,tavg-ol-ht-sea,msfty_tavg-ol-ht-sea,glb,Omon.msftyz,ocean.msfty.tavg-ol-ht-sea.mon.glb,baa5a662-e5dd-11e5-8482-ac72891c3257,high,,
413,ocean.sf6.tavg-ol-hxy-sea.mon.glb,mon,ocean,mole_concentration_of_sulfur_hexafluoride_in_sea_water,mol m-3,area: mean where sea time: mean,area: areacello volume: volcello,Mole Concentration of SF6 in Sea Water,"Mole concentration means number of moles per unit volume, also called ""molarity"", and is used in the construction ""mole_concentration_of_X_in_Y"", where X is a material constituent of Y. A chemical or biological species denoted by X may be described by a single term such as ""nitrogen"" or a phrase such as ""nox_expressed_as_nitrogen"". The chemical formula of sulfur hexafluoride is SF6.",Report on native horizontal grid as well as on a spherical latitude/longitude grid. Online mapping to depth/pressure vertical grid if depth or pressure are not native.,longitude latitude olevel time,sf6,real,,XY-O,time-intv,Omon,sf6,sf6,tavg-ol-hxy-sea,sf6_tavg-ol-hxy-sea,glb,Omon.sf6,ocean.sf6.tavg-ol-hxy-sea.mon.glb,ba9b2d36-e5dd-11e5-8482-ac72891c3257,medium,,
414,ocean.sftof.ti-u-hxy-u.fx.glb,fx,ocean,sea_area_fraction,%,area: mean,area: areacello,Sea Area Percentage,This is the area fraction at the ocean surface.,"Should this be recorded as a function of depth?  Report on the same grid that ocean fields are reported (i.e., the ocean native grid, or the grid that ocean data has been provided to CMIP.  For completeness, provide this even if the ocean grid is the same as the atmospheric grid.",longitude latitude,sftof,real,,XY-na,None,Ofx,sftof,sftof,ti-u-hxy-u,sftof_ti-u-hxy-u,glb,Ofx.sftof,ocean.sftof.ti-u-hxy-u.fx.glb,baa3f2e0-e5dd-11e5-8482-ac72891c3257,core,,
415,ocean.so.tavg-ol-hxy-sea.mon.glb,mon,ocean,sea_water_salinity,1E-03,area: mean where sea time: mean,area: areacello volume: volcello,Sea Water Salinity,"Sea water salinity is the salt content of sea water, often on the Practical Salinity Scale of 1978. However, the unqualified term 'salinity' is generic and does not necessarily imply any particular method of calculation. The units of salinity are dimensionless and the units attribute should normally be given as 1e-3 or 0.001 i.e. parts per thousand.","Report on native horizontal grid as well as on a spherical latitude/longitude grid. Online mapping to depth/pressure vertical grid if depth or pressure are not native.
CHANGE SINCE CMIP6 in Units (from Physical Parameter) - CMIP6:0.001 CMIP7:1E-03,",longitude latitude olevel time,so,real,,XY-O,time-intv,Omon,so,so,tavg-ol-hxy-sea,so_tavg-ol-hxy-sea,glb,Omon.so,ocean.so.tavg-ol-hxy-sea.mon.glb,baa5491a-e5dd-11e5-8482-ac72891c3257,core,,
416,ocean.sos.tavg-u-hxy-sea.day.glb,day,ocean,sea_surface_salinity,1E-03,area: mean where sea time: mean,area: areacello,Sea Surface Salinity,"Sea water salinity is the salt content of sea water, often on the Practical Salinity Scale of 1978. However, the unqualified term 'salinity' is generic and does not necessarily imply any particular method of calculation. The units of salinity are dimensionless and the units attribute should normally be given as 1e-3 or 0.001 i.e. parts per thousand.","Report on the ocean horizontal native grid. CHANGE SINCE CMIP6 in Units (from Physical Parameter) - CMIP6:0.001 CMIP7:1E-03,
Evaluated at the upper boundary of the liquid ocean, including at the lower boundary of sea-ice and floating ice shelves.",longitude latitude time,sos,real,,XY-na,time-intv,Oday,sos,sos,tavg-u-hxy-sea,sos_tavg-u-hxy-sea,glb,Oday.sos,ocean.sos.tavg-u-hxy-sea.day.glb,baa72514-e5dd-11e5-8482-ac72891c3257,core,,
417,ocean.sos.tavg-u-hxy-sea.mon.glb,mon,ocean,sea_surface_salinity,1E-03,area: mean where sea time: mean,area: areacello,Sea Surface Salinity,"Sea water salinity is the salt content of sea water, often on the Practical Salinity Scale of 1978. However, the unqualified term 'salinity' is generic and does not necessarily imply any particular method of calculation. The units of salinity are dimensionless and the units attribute should normally be given as 1e-3 or 0.001 i.e. parts per thousand.","Report on native horizontal grid as well as on a spherical latitude/longitude grid. CHANGE SINCE CMIP6 in Units (from Physical Parameter) - CMIP6:0.001 CMIP7:1E-03,
Evaluated at the upper boundary of the liquid ocean, including at the lower boundary of sea-ice and floating ice shelves.",longitude latitude time,sos,real,,XY-na,time-intv,Omon,sos,sos,tavg-u-hxy-sea,sos_tavg-u-hxy-sea,glb,Omon.sos,ocean.sos.tavg-u-hxy-sea.mon.glb,baa557f2-e5dd-11e5-8482-ac72891c3257,core,,
418,ocean.tauuo.tavg-u-hxy-sea.3hr.glb,3hr,ocean,downward_x_stress_at_sea_water_surface,N m-2,area: mean where sea time: mean,area: areacello,Sea Water Surface Downward X Stress,"The stress on the liquid ocean from interactions with overlying atmosphere, sea ice, ice shelf, etc.",Report on native horizontal grid.,longitude latitude time,tauuo,real,down,XY-na,time-intv,3hr,tauuo,tauuo,tavg-u-hxy-sea,tauuo_tavg-u-hxy-sea,glb,3hr.tauuo,ocean.tauuo.tavg-u-hxy-sea.3hr.glb,83bbfc62-7f07-11ef-9308-b1dd71e64bec,high,,
419,ocean.tauuo.tavg-u-hxy-sea.mon.glb,mon,ocean,downward_x_stress_at_sea_water_surface,N m-2,area: mean where sea time: mean,area: areacello,Sea Water Surface Downward X Stress,"This is the stress on the liquid ocean from overlying atmosphere, sea ice, ice shelf, etc.","Report on native horizontal grid. CHANGE SINCE CMIP6 in Cell Methods - CMIP6:time: mean CMIP7:area: mean where sea time: mean,
CHANGE SINCE CMIP6 in Cell Measures - CMIP6:::OPT CMIP7:area: areacello,",longitude latitude time,tauuo,real,down,XY-na,time-intv,Omon,tauuo,tauuo,tavg-u-hxy-sea,tauuo_tavg-u-hxy-sea,glb,Omon.tauuo,ocean.tauuo.tavg-u-hxy-sea.mon.glb,baa6cf38-e5dd-11e5-8482-ac72891c3257,core,,
420,ocean.tauvo.tavg-u-hxy-sea.3hr.glb,3hr,ocean,downward_y_stress_at_sea_water_surface,N m-2,area: mean where sea time: mean,area: areacello,Sea Water Surface Downward Y Stress,"The stress on the liquid ocean from interactions with overlying atmosphere, sea ice, ice shelf, etc.",Report on native horizontal grid.,longitude latitude time,tauvo,real,down,XY-na,time-intv,3hr,tauvo,tauvo,tavg-u-hxy-sea,tauvo_tavg-u-hxy-sea,glb,3hr.tauvo,ocean.tauvo.tavg-u-hxy-sea.3hr.glb,83bbfc61-7f07-11ef-9308-b1dd71e64bec,high,,
421,ocean.tauvo.tavg-u-hxy-sea.mon.glb,mon,ocean,downward_y_stress_at_sea_water_surface,N m-2,area: mean where sea time: mean,area: areacello,Sea Water Surface Downward Y Stress,"This is the stress on the liquid ocean from overlying atmosphere, sea ice, ice shelf, etc.","Report on native horizontal grid. CHANGE SINCE CMIP6 in Cell Methods - CMIP6:time: mean CMIP7:area: mean where sea time: mean,
CHANGE SINCE CMIP6 in Cell Measures - CMIP6:::OPT CMIP7:area: areacello,",longitude latitude time,tauvo,real,down,XY-na,time-intv,Omon,tauvo,tauvo,tavg-u-hxy-sea,tauvo_tavg-u-hxy-sea,glb,Omon.tauvo,ocean.tauvo.tavg-u-hxy-sea.mon.glb,baa6d366-e5dd-11e5-8482-ac72891c3257,core,,
422,ocean.thetao.tavg-ol-hxy-sea.mon.glb,mon,ocean,sea_water_potential_temperature,degC,area: mean where sea time: mean,area: areacello volume: volcello,Sea Water Potential Temperature,Diagnostic should be contributed even for models using conservative temperature as prognostic field.,Report on native horizontal grid as well as on a spherical latitude/longitude grid. Online mapping to depth/pressure vertical grid if depth or pressure are not native.,longitude latitude olevel time,thetao,real,,XY-O,time-intv,Omon,thetao,thetao,tavg-ol-hxy-sea,thetao_tavg-ol-hxy-sea,glb,Omon.thetao,ocean.thetao.tavg-ol-hxy-sea.mon.glb,baa51d00-e5dd-11e5-8482-ac72891c3257,core,,
423,ocean.thkcello.tavg-ol-hxy-sea.mon.glb,mon,ocean,cell_thickness,m,area: mean where sea time: mean,area: areacello volume: volcello,Ocean Model Cell Thickness,"The time varying thickness of ocean cells. ""Thickness"" means the vertical extent of a layer. ""Cell"" refers to a model grid-cell.",Report on native horizontal grid as well as on a spherical latitude/longitude grid. Online mapping to depth/pressure vertical grid if depth or pressure are not native.,longitude latitude olevel time,thkcello,real,,XY-O,time-intv,Omon,thkcello,thkcello,tavg-ol-hxy-sea,thkcello_tavg-ol-hxy-sea,glb,Omon.thkcello,ocean.thkcello.tavg-ol-hxy-sea.mon.glb,baa518c8-e5dd-11e5-8482-ac72891c3257,core,,
424,ocean.thkcello.ti-ol-hxy-sea.fx.glb,fx,ocean,cell_thickness,m,area: mean where sea,area: areacello volume: volcello,Ocean Model Cell Thickness,"Thickness of ocean cells. ""Thickness"" means the vertical extent of a layer. ""Cell"" refers to a model grid-cell.","If this field is time-dependent then save it instead as one of your Omon fields (see the Omon table) CHANGE SINCE CMIP6 in Cell Methods - CMIP6:area: mean CMIP7:area: mean where sea,",longitude latitude olevel,thkcello,real,,XY-O,None,Ofx,thkcello,thkcello,ti-ol-hxy-sea,thkcello_ti-ol-hxy-sea,glb,Ofx.thkcello,ocean.thkcello.ti-ol-hxy-sea.fx.glb,bab9bd00-e5dd-11e5-8482-ac72891c3257,core,,
425,ocean.tos.tavg-u-hxy-sea.day.glb,day,ocean,sea_surface_temperature,degC,area: mean where sea time: mean,area: areacello,Sea Surface Temperature,"This may differ from ""surface temperature"" in regions of sea ice or floating ice shelves. For models using conservative temperature as the prognostic field, they should report the top ocean layer as surface potential temperature, which is the same as surface in situ temperature.","Report on the ocean horizontal native grid.
Evaluated at the upper boundary of the liquid ocean, including at the lower boundary of sea-ice and floating ice shelves.",longitude latitude time,tos,real,,XY-na,time-intv,Oday,tos,tos,tavg-u-hxy-sea,tos_tavg-u-hxy-sea,glb,Oday.tos,ocean.tos.tavg-u-hxy-sea.day.glb,baa720e6-e5dd-11e5-8482-ac72891c3257,core,,
426,ocean.tos.tavg-u-hxy-sea.mon.glb,mon,ocean,sea_surface_temperature,degC,area: mean where sea time: mean,area: areacello,Sea Surface Temperature,"This may differ from ""surface temperature"" in regions of sea ice or floating ice shelves. For models using conservative temperature as the prognostic field, they should report the top ocean layer as surface potential temperature, which is the same as surface in situ temperature.","Note change from CMIP5 K to CMIP6 C. Report on native horizontal grid as well as on a spherical latitude/longitude grid.
Evaluated at the upper boundary of the liquid ocean, including at the lower boundary of sea-ice and floating ice shelves.",longitude latitude time,tos,real,,XY-na,time-intv,Omon,tos,tos,tavg-u-hxy-sea,tos_tavg-u-hxy-sea,glb,Omon.tos,ocean.tos.tavg-u-hxy-sea.mon.glb,baa52de0-e5dd-11e5-8482-ac72891c3257,core,,
427,ocean.tossq.tavg-u-hxy-sea.day.glb,day,ocean,square_of_sea_surface_temperature,degC2,area: mean where sea time: mean,area: areacello,Square of Sea Surface Temperature,"Square of temperature of liquid ocean, averaged over the day.","Report on the ocean horizontal native grid.
Evaluated at the upper boundary of the liquid ocean, including at the lower boundary of sea-ice and floating ice shelves.",longitude latitude time,tossq,real,,XY-na,time-intv,Oday,tossq,tossq,tavg-u-hxy-sea,tossq_tavg-u-hxy-sea,glb,Oday.tossq,ocean.tossq.tavg-u-hxy-sea.day.glb,baa71c7c-e5dd-11e5-8482-ac72891c3257,high,,
428,ocean.umo.tavg-ol-hxy-sea.mon.glb,mon,ocean,ocean_mass_x_transport,kg s-1,area: mean where sea time: mean,area: areacello volume: volcello,Ocean Mass X Transport,X-ward mass transport from residual mean (resolved plus parameterized) advective transport.,"Report on native horizontal grid. Online mapping to depth/pressure vertical grid if depth or pressure are not native. CHANGE SINCE CMIP6 in Cell Methods - CMIP6:time: mean CMIP7:area: mean where sea time: mean, CHANGE SINCE CMIP6 in Cell Measures - CMIP6:::OPT CMIP7:area: areacello volume: volcello,",longitude latitude olevel time,umo,real,,XY-O,time-intv,Omon,umo,umo,tavg-ol-hxy-sea,umo_tavg-ol-hxy-sea,glb,Omon.umo,ocean.umo.tavg-ol-hxy-sea.mon.glb,baa5942e-e5dd-11e5-8482-ac72891c3257,core,,
429,ocean.uo.tavg-ol-hxy-sea.mon.glb,mon,ocean,sea_water_x_velocity,m s-1,area: mean where sea time: mean,area: areacello volume: volcello,Sea Water X Velocity,Prognostic x-ward velocity component resolved by the model.,"Report on native horizontal grid. Online mapping to depth/pressure vertical grid if depth or pressure are not native. CHANGE SINCE CMIP6 in Cell Methods - CMIP6:time: mean CMIP7:area: mean where sea time: mean, CHANGE SINCE CMIP6 in Cell Measures - CMIP6:::OPT CMIP7:area: areacello volume: volcello,",longitude latitude olevel time,uo,real,,XY-O,time-intv,Omon,uo,uo,tavg-ol-hxy-sea,uo_tavg-ol-hxy-sea,glb,Omon.uo,ocean.uo.tavg-ol-hxy-sea.mon.glb,baa586e6-e5dd-11e5-8482-ac72891c3257,core,,
430,ocean.vmo.tavg-ol-hxy-sea.mon.glb,mon,ocean,ocean_mass_y_transport,kg s-1,area: mean where sea time: mean,area: areacello volume: volcello,Ocean Mass Y Transport,Y-ward mass transport from residual mean (resolved plus parameterized) advective transport.,"Report on native horizontal grid. Online mapping to depth/pressure vertical grid if depth or pressure are not native. CHANGE SINCE CMIP6 in Cell Methods - CMIP6:time: mean CMIP7:area: mean where sea time: mean, CHANGE SINCE CMIP6 in Cell Measures - CMIP6:::OPT CMIP7:area: areacello volume: volcello,",longitude latitude olevel time,vmo,real,,XY-O,time-intv,Omon,vmo,vmo,tavg-ol-hxy-sea,vmo_tavg-ol-hxy-sea,glb,Omon.vmo,ocean.vmo.tavg-ol-hxy-sea.mon.glb,baa598c0-e5dd-11e5-8482-ac72891c3257,core,,
431,ocean.vo.tavg-ol-hxy-sea.mon.glb,mon,ocean,sea_water_y_velocity,m s-1,area: mean where sea time: mean,area: areacello volume: volcello,Sea Water Y Velocity,Prognostic y-ward velocity component resolved by the model.,"Report on native horizontal grid. Online mapping to depth/pressure vertical grid if depth or pressure are not native. CHANGE SINCE CMIP6 in Cell Methods - CMIP6:time: mean CMIP7:area: mean where sea time: mean, CHANGE SINCE CMIP6 in Cell Measures - CMIP6:::OPT CMIP7:area: areacello volume: volcello,",longitude latitude olevel time,vo,real,,XY-O,time-intv,Omon,vo,vo,tavg-ol-hxy-sea,vo_tavg-ol-hxy-sea,glb,Omon.vo,ocean.vo.tavg-ol-hxy-sea.mon.glb,baa58b1e-e5dd-11e5-8482-ac72891c3257,core,,
432,ocean.volcello.tavg-ol-hxy-sea.mon.glb,mon,ocean,ocean_volume,m3,area: sum where sea time: mean,area: areacello,Ocean Grid-Cell Volume,"For oceans with more than 1 mesh (e.g. staggered grids), report areas that apply to surface vertical fluxes of energy. If this field is time-dependent then save it instead as one of your Omon and Odec fields","a 3-d field: For oceans with more than 1 mesh, report on grid that applies to temperature
CHANGE SINCE CMIP6 in Cell Measures - CMIP6:area: areacello volume: volcello CMIP7:area: areacello,",longitude latitude olevel time,volcello,real,,XY-O,time-intv,Omon,volcello,volcello,tavg-ol-hxy-sea,volcello_tavg-ol-hxy-sea,glb,Omon.volcello,ocean.volcello.tavg-ol-hxy-sea.mon.glb,e0739eaa-e1ab-11e7-9db4-1c4d70487308,high,,
433,ocean.wmo.tavg-ol-hxy-sea.mon.glb,mon,ocean,upward_ocean_mass_transport,kg s-1,area: sum where sea time: mean,area: areacello volume: volcello,Upward Ocean Mass Transport,Upward mass transport from residual mean (resolved plus parameterized) advective transport.,Report on native horizontal grid. Online mapping to depth/pressure vertical grid if depth or pressure are not native. Those who wish to record vertical velocities and vertical fluxes on ocean half-levels may do so. If using CMOR3 you will be required to specify artificial bounds (e.g. located at full model levels) to avoid an error exit.,longitude latitude olevel time,wmo,real,,XY-O,time-intv,Omon,wmo,wmo,tavg-ol-hxy-sea,wmo_tavg-ol-hxy-sea,glb,Omon.wmo,ocean.wmo.tavg-ol-hxy-sea.mon.glb,baa58f74-e5dd-11e5-8482-ac72891c3257,core,,
434,ocean.wo.tavg-ol-hxy-sea.mon.glb,mon,ocean,upward_sea_water_velocity,m s-1,area: mean where sea time: mean,area: areacello volume: volcello,Sea Water Vertical Velocity,Prognostic z-ward velocity component resolved by the model.,"Report on native horizontal grid. Online mapping to depth/pressure vertical grid if depth or pressure are not native. Those who wish to record vertical velocities and vertical fluxes on ocean half-levels may do so. If using CMOR3 you will be required to specify artificial bounds (e.g. located at full model levels) to avoid an error exit. CHANGE SINCE CMIP6 in Cell Methods - CMIP6:time: mean CMIP7:area: mean where sea time: mean, CHANGE SINCE CMIP6 in Cell Measures - CMIP6:::OPT CMIP7:area: areacello volume: volcello,",longitude latitude olevel time,wo,real,,XY-O,time-intv,Omon,wo,wo,tavg-ol-hxy-sea,wo_tavg-ol-hxy-sea,glb,Omon.wo,ocean.wo.tavg-ol-hxy-sea.mon.glb,1aab80fc-b006-11e6-9289-ac72891c3257,core,,
435,ocean.zos.tavg-u-hxy-sea.day.glb,day,ocean,sea_surface_height_above_geoid,m,area: mean where sea time: mean,area: areacello,Sea Surface Height Above Geoid,"This is the effective dynamic sea level, so should have zero global area mean. zos is the effective sea level as if sea ice (and snow) at a grid cell were converted to liquid seawater (Campin et al., 2008). For OMIP, do _not _record inverse barometer responses from sea-ice (and snow) loading in zos. See (Griffies et al, 2016, https://doi.org/10.5194/gmd-9-3231-2016).","Evaluated at the upper boundary of the liquid ocean, including at the lower boundary of sea-ice and floating ice shelves.
The effective dynamic sea level as if sea ice (and snow) at a grid cell were converted to liquid seawater. The liquid-water equivalent sea surface which the liquid would have if the ice were replaced by an equal mass of sea water of the density of the surface water in its vicinity. Inverse barometer responses from sea-ice (and snow) loading are removed using equation H3 of Griffies et al, 2016 (<https://doi.org/10.5194/gmd-9-3231-2016>). zos is a dynamic sea level should have zero global area mean.
Ocean dynamic sea level is defined by Gregory et al. (2019: [doi.org/10.1007/s10712-019-09525-z](https://airtable.com/appqRFkdpwAitEZNY/tblxLKbWgySWunrpw/doi.org/10.1007/s10712-019-09525-z) )",longitude latitude time,zos,real,,XY-na,time-intv,Oday,zos,zos,tavg-u-hxy-sea,zos_tavg-u-hxy-sea,glb,Oday.zos,ocean.zos.tavg-u-hxy-sea.day.glb,83bbfb69-7f07-11ef-9308-b1dd71e64bec,core,,
436,ocean.zos.tavg-u-hxy-sea.mon.glb,mon,ocean,sea_surface_height_above_geoid,m,area: mean where sea time: mean,area: areacello,Sea Surface Height Above Geoid,"This is the effective dynamic sea level, so should have zero global area mean. It should not include inverse barometer depressions from sea ice.","See OMDP document for details. Report on native horizontal grid as well as on a spherical latitude/longitude grid.
The effective dynamic sea level as if sea ice (and snow) at a grid cell were converted to liquid seawater. The liquid-water equivalent sea surface which the liquid would have if the ice were replaced by an equal mass of sea water of the density of the surface water in its vicinity. Inverse barometer responses from sea-ice (and snow) loading are removed using equation H3 of Griffies et al, 2016 (<https://doi.org/10.5194/gmd-9-3231-2016>). zos is a dynamic sea level should have zero global area mean.
Ocean dynamic sea level is defined by Gregory et al. (2019: [doi.org/10.1007/s10712-019-09525-z](https://airtable.com/appqRFkdpwAitEZNY/tblxLKbWgySWunrpw/doi.org/10.1007/s10712-019-09525-z) )",longitude latitude time,zos,real,,XY-na,time-intv,Omon,zos,zos,tavg-u-hxy-sea,zos_tavg-u-hxy-sea,glb,Omon.zos,ocean.zos.tavg-u-hxy-sea.mon.glb,baa507f2-e5dd-11e5-8482-ac72891c3257,core,,
437,ocean.zostoga.tavg-u-hm-sea.mon.glb,mon,ocean,global_average_thermosteric_sea_level_change,m,area: mean where sea time: mean,,Global Average Thermosteric Sea Level Change,There is no CMIP6 request for zosga nor zossga.,,time,zostoga,real,,na-na,time-intv,Omon,zostoga,zostoga,tavg-u-hm-sea,zostoga_tavg-u-hm-sea,glb,Omon.zostoga,ocean.zostoga.tavg-u-hm-sea.mon.glb,baa51058-e5dd-11e5-8482-ac72891c3257,core,,