,name,frequency,modeling_realm,standard_name,units,cell_methods,cell_measures,long_name,comment,processing_note,dimensions,out_name,type,positive,spatial_shape,temporal_shape,cmip6_table,physical_parameter_name,variableRootDD,branding_label,branded_variable_name,region,cmip6_compound_name,cmip7_compound_name,uid,flag_values,flag_meanings
1,atmos.cl.tavg-al-hxy-u.mon.glb,mon,atmos,cloud_area_fraction_in_atmosphere_layer,%,area: time: mean,area: areacella,Percentage Cloud Cover,Includes both large-scale and convective cloud.,Report on model layers (not standard pressures).,longitude latitude alevel time,cl,real,,XY-A,time-intv,Amon,cl,cl,tavg-al-hxy-u,cl_tavg-al-hxy-u,glb,Amon.cl,atmos.cl.tavg-al-hxy-u.mon.glb,baaa4302-e5dd-11e5-8482-ac72891c3257,,
2,atmos.cli.tavg-al-hxy-u.mon.glb,mon,atmos,mass_fraction_of_cloud_ice_in_air,kg kg-1,area: time: mean,area: areacella,Mass Fraction of Cloud Ice,Includes both large-scale and convective cloud.  This is calculated as the mass of cloud ice in the grid cell divided by the mass of air (including the water in all phases) in the grid cell. It includes precipitating hydrometeors ONLY if the precipitating hydrometeors affect the calculation of radiative transfer in model.,Report on model layers (not standard pressures).,longitude latitude alevel time,cli,real,,XY-A,time-intv,Amon,cli,cli,tavg-al-hxy-u,cli_tavg-al-hxy-u,glb,Amon.cli,atmos.cli.tavg-al-hxy-u.mon.glb,baaa8326-e5dd-11e5-8482-ac72891c3257,,
3,atmos.clivi.tavg-u-hxy-u.mon.glb,mon,atmos,atmosphere_mass_content_of_cloud_ice,kg m-2,area: time: mean,area: areacella,Ice Water Path,mass of ice water in the column divided by the area of the column (not just the area of the cloudy portion of the column). Includes precipitating frozen hydrometeors ONLY if the precipitating hydrometeor affects the calculation of radiative transfer in model.,,longitude latitude time,clivi,real,,XY-na,time-intv,Amon,clivi,clivi,tavg-u-hxy-u,clivi_tavg-u-hxy-u,glb,Amon.clivi,atmos.clivi.tavg-u-hxy-u.mon.glb,baaa9852-e5dd-11e5-8482-ac72891c3257,,
4,atmos.clt.tavg-u-hxy-u.day.glb,day,atmos,cloud_area_fraction,%,area: time: mean,area: areacella,Total Cloud Cover Percentage,"for the whole atmospheric column, as seen from the surface or the top of the atmosphere. Includes both large-scale and convective cloud.",,longitude latitude time,clt,real,,XY-na,time-intv,day,clt,clt,tavg-u-hxy-u,clt_tavg-u-hxy-u,glb,day.clt,atmos.clt.tavg-u-hxy-u.day.glb,baaace4e-e5dd-11e5-8482-ac72891c3257,,
5,atmos.clt.tavg-u-hxy-u.mon.glb,mon,atmos,cloud_area_fraction,%,area: time: mean,area: areacella,Total Cloud Cover Percentage,"for the whole atmospheric column, as seen from the surface or the top of the atmosphere. Include both large-scale and convective cloud.",,longitude latitude time,clt,real,,XY-na,time-intv,Amon,clt,clt,tavg-u-hxy-u,clt_tavg-u-hxy-u,glb,Amon.clt,atmos.clt.tavg-u-hxy-u.mon.glb,baaad7e0-e5dd-11e5-8482-ac72891c3257,,
6,atmos.clw.tavg-al-hxy-u.mon.glb,mon,atmos,mass_fraction_of_cloud_liquid_water_in_air,kg kg-1,area: time: mean,area: areacella,Mass Fraction of Cloud Liquid Water,Includes both large-scale and convective cloud.  Calculate as the mass of cloud liquid water in the grid cell divided by the mass of air (including the water in all phases) in the grid cells. Precipitating hydrometeors are included ONLY if the precipitating hydrometeors affect the calculation of radiative transfer in model.,Report on model layers (not standard pressures).,longitude latitude alevel time,clw,real,,XY-A,time-intv,Amon,clw,clw,tavg-al-hxy-u,clw_tavg-al-hxy-u,glb,Amon.clw,atmos.clw.tavg-al-hxy-u.mon.glb,baab0382-e5dd-11e5-8482-ac72891c3257,,
7,atmos.clwvi.tavg-u-hxy-u.mon.glb,mon,atmos,atmosphere_mass_content_of_cloud_condensed_water,kg m-2,area: time: mean,area: areacella,Condensed Water Path,mass of condensed (liquid + ice) water in the column divided by the area of the column (not just the area of the cloudy portion of the column). Includes precipitating hydrometeors ONLY if the precipitating hydrometeor affects the calculation of radiative transfer in model.,,longitude latitude time,clwvi,real,,XY-na,time-intv,Amon,clwvi,clwvi,tavg-u-hxy-u,clwvi_tavg-u-hxy-u,glb,Amon.clwvi,atmos.clwvi.tavg-u-hxy-u.mon.glb,baab1818-e5dd-11e5-8482-ac72891c3257,,
9,atmos.hfls.tavg-u-hxy-u.mon.glb,mon,atmos,surface_upward_latent_heat_flux,W m-2,area: time: mean,area: areacella,Surface Upward Latent Heat Flux,includes both evaporation and sublimation,,longitude latitude time,hfls,real,up,XY-na,time-intv,Amon,hfls,hfls,tavg-u-hxy-u,hfls_tavg-u-hxy-u,glb,Amon.hfls,atmos.hfls.tavg-u-hxy-u.mon.glb,baaefe2e-e5dd-11e5-8482-ac72891c3257,,
10,atmos.hfss.tavg-u-hxy-u.mon.glb,mon,atmos,surface_upward_sensible_heat_flux,W m-2,area: time: mean,area: areacella,Surface Upward Sensible Heat Flux,"The surface sensible heat flux, also called turbulent heat flux, is the exchange of heat between the surface and the air by motion of air.",,longitude latitude time,hfss,real,up,XY-na,time-intv,Amon,hfss,hfss,tavg-u-hxy-u,hfss_tavg-u-hxy-u,glb,Amon.hfss,atmos.hfss.tavg-u-hxy-u.mon.glb,baaf86a0-e5dd-11e5-8482-ac72891c3257,,
11,atmos.hur.tavg-p19-hxy-air.mon.glb,mon,atmos,relative_humidity,%,area: time: mean where air,area: areacella,Relative Humidity,"This is the relative humidity with respect to liquid water for T> 0 C, and with respect to ice for T<0 C.","CHANGE SINCE CMIP6 in Cell Methods - CMIP6:time: mean CMIP7:area: time: mean where air,",longitude latitude plev19 time,hur,real,,XY-P19,time-intv,Amon,hur,hur,tavg-p19-hxy-air,hur_tavg-p19-hxy-air,glb,Amon.hur,atmos.hur.tavg-p19-hxy-air.mon.glb,baafe578-e5dd-11e5-8482-ac72891c3257,,
12,atmos.hur.tavg-p19-hxy-u.day.glb,day,atmos,relative_humidity,%,time: mean,area: areacella,Relative Humidity,"This is the relative humidity with respect to liquid water for T> 0 C, and with respect to ice for T<0 C.","CHANGE SINCE CMIP6 in Dimensions - CMIP6:longitude latitude plev8 time CMIP7:longitude latitude plev19 time,",longitude latitude plev19 time,hur,real,,XY-P19,time-intv,day,hur,hur,tavg-p19-hxy-u,hur_tavg-p19-hxy-u,glb,day.hur,atmos.hur.tavg-p19-hxy-u.day.glb,baafec80-e5dd-11e5-8482-ac72891c3257,,
13,atmos.hurs.tavg-h2m-hxy-u.6hr.glb,6hr,atmos,relative_humidity,%,area: time: mean,area: areacella,Near-Surface Relative Humidity,"The relative humidity with respect to liquid water for T> 0 C, and with respect to ice for T<0 C.",,longitude latitude time height2m,hurs,real,,XY-na,time-intv,6hrPlev,hurs,hurs,tavg-h2m-hxy-u,hurs_tavg-h2m-hxy-u,glb,6hrPlev.hurs,atmos.hurs.tavg-h2m-hxy-u.6hr.glb,917b8532-267c-11e7-8933-ac72891c3257,,
14,atmos.hurs.tavg-h2m-hxy-u.day.glb,day,atmos,relative_humidity,%,area: time: mean,area: areacella,Near-Surface Relative Humidity,"This is the relative humidity with respect to liquid water for T> 0 C, and with respect to ice for T<0 C.",normally report this at 2 meters above the surface,longitude latitude time height2m,hurs,real,,XY-na,time-intv,day,hurs,hurs,tavg-h2m-hxy-u,hurs_tavg-h2m-hxy-u,glb,day.hurs,atmos.hurs.tavg-h2m-hxy-u.day.glb,5a070350-c77d-11e6-8a33-5404a60d96b5,,
15,atmos.hurs.tavg-h2m-hxy-u.mon.glb,mon,atmos,relative_humidity,%,area: time: mean,area: areacella,Near-Surface Relative Humidity,"This is the relative humidity with respect to liquid water for T> 0 C, and with respect to ice for T<0 C.","express as a percentage.  Normally, the relative humidity  should be reported at the 2 meter height",longitude latitude time height2m,hurs,real,,XY-na,time-intv,Amon,hurs,hurs,tavg-h2m-hxy-u,hurs_tavg-h2m-hxy-u,glb,Amon.hurs,atmos.hurs.tavg-h2m-hxy-u.mon.glb,baaff41e-e5dd-11e5-8482-ac72891c3257,,
16,atmos.hus.tavg-p19-hxy-u.day.glb,day,atmos,specific_humidity,1,time: mean,area: areacella,Specific Humidity,Specific humidity is the mass fraction of water vapor in (moist) air.,"CHANGE SINCE CMIP6 in Dimensions - CMIP6:longitude latitude plev8 time CMIP7:longitude latitude plev19 time,",longitude latitude plev19 time,hus,real,,XY-P19,time-intv,day,hus,hus,tavg-p19-hxy-u,hus_tavg-p19-hxy-u,glb,day.hus,atmos.hus.tavg-p19-hxy-u.day.glb,bab0135e-e5dd-11e5-8482-ac72891c3257,,
17,atmos.hus.tavg-p19-hxy-u.mon.glb,mon,atmos,specific_humidity,1,time: mean,area: areacella,Specific Humidity,Specific humidity is the mass fraction of water vapor in (moist) air.,,longitude latitude plev19 time,hus,real,,XY-P19,time-intv,Amon,hus,hus,tavg-p19-hxy-u,hus_tavg-p19-hxy-u,glb,Amon.hus,atmos.hus.tavg-p19-hxy-u.mon.glb,bab00b98-e5dd-11e5-8482-ac72891c3257,,
18,atmos.huss.tavg-h2m-hxy-u.day.glb,day,atmos,specific_humidity,1,area: time: mean,area: areacella,Near-Surface Specific Humidity,"Near-surface (usually, 2 meter) specific humidity.",normally report this at 2 meters above the surface,longitude latitude time height2m,huss,real,,XY-na,time-intv,day,huss,huss,tavg-h2m-hxy-u,huss_tavg-h2m-hxy-u,glb,day.huss,atmos.huss.tavg-h2m-hxy-u.day.glb,bab0238a-e5dd-11e5-8482-ac72891c3257,,
19,atmos.huss.tavg-h2m-hxy-u.mon.glb,mon,atmos,specific_humidity,1,area: time: mean,area: areacella,Near-Surface Specific Humidity,"Near-surface (usually, 2 meter) specific humidity.",normally report this at 2 meters above the surface,longitude latitude time height2m,huss,real,,XY-na,time-intv,Amon,huss,huss,tavg-h2m-hxy-u,huss_tavg-h2m-hxy-u,glb,Amon.huss,atmos.huss.tavg-h2m-hxy-u.mon.glb,bab01dfe-e5dd-11e5-8482-ac72891c3257,,
20,atmos.huss.tpt-h2m-hxy-u.3hr.glb,3hr,atmos,specific_humidity,1,area: mean time: point,area: areacella,Near-Surface Specific Humidity,This is sampled synoptically.,normally report this at 2 meters above the surface,longitude latitude time1 height2m,huss,real,,XY-na,time-point,3hr,huss,huss,tpt-h2m-hxy-u,huss_tpt-h2m-hxy-u,glb,3hr.huss,atmos.huss.tpt-h2m-hxy-u.3hr.glb,bab034a6-e5dd-11e5-8482-ac72891c3257,,
21,atmos.pr.tavg-u-hxy-u.1hr.glb,1hr,atmos,precipitation_flux,kg m-2 s-1,area: time: mean,area: areacella,Precipitation,Total precipitation flux,,longitude latitude time,pr,real,,XY-na,time-intv,E1hr,pr,pr,tavg-u-hxy-u,pr_tavg-u-hxy-u,glb,E1hr.pr,atmos.pr.tavg-u-hxy-u.1hr.glb,8baebea6-4a5b-11e6-9cd2-ac72891c3257,,
22,atmos.pr.tavg-u-hxy-u.3hr.glb,3hr,atmos,precipitation_flux,kg m-2 s-1,area: time: mean,area: areacella,Precipitation,at surface; includes both liquid and solid phases.  This is the 3-hour mean precipitation flux.,,longitude latitude time,pr,real,,XY-na,time-intv,3hr,pr,pr,tavg-u-hxy-u,pr_tavg-u-hxy-u,glb,3hr.pr,atmos.pr.tavg-u-hxy-u.3hr.glb,bab3c904-e5dd-11e5-8482-ac72891c3257,,
23,atmos.pr.tavg-u-hxy-u.day.glb,day,atmos,precipitation_flux,kg m-2 s-1,area: time: mean,area: areacella,Precipitation,at surface; includes both liquid and solid phases from all types of clouds (both large-scale and convective),,longitude latitude time,pr,real,,XY-na,time-intv,day,pr,pr,tavg-u-hxy-u,pr_tavg-u-hxy-u,glb,day.pr,atmos.pr.tavg-u-hxy-u.day.glb,bab3d692-e5dd-11e5-8482-ac72891c3257,,
24,atmos.pr.tavg-u-hxy-u.mon.glb,mon,atmos,precipitation_flux,kg m-2 s-1,area: time: mean,area: areacella,Precipitation,at surface; includes both liquid and solid phases from all types of clouds (both large-scale and convective),,longitude latitude time,pr,real,,XY-na,time-intv,Amon,pr,pr,tavg-u-hxy-u,pr_tavg-u-hxy-u,glb,Amon.pr,atmos.pr.tavg-u-hxy-u.mon.glb,bab3cb52-e5dd-11e5-8482-ac72891c3257,,
25,atmos.prc.tavg-u-hxy-u.mon.glb,mon,atmos,convective_precipitation_flux,kg m-2 s-1,area: time: mean,area: areacella,Convective Precipitation,at surface; includes both liquid and solid phases.,,longitude latitude time,prc,real,,XY-na,time-intv,Amon,prc,prc,tavg-u-hxy-u,prc_tavg-u-hxy-u,glb,Amon.prc,atmos.prc.tavg-u-hxy-u.mon.glb,bab3f8a2-e5dd-11e5-8482-ac72891c3257,,
26,atmos.prsn.tavg-u-hxy-u.mon.glb,mon,atmos,snowfall_flux,kg m-2 s-1,area: time: mean,area: areacella,Snowfall Flux,at surface; includes precipitation of all forms of water in the solid phase,,longitude latitude time,prsn,real,,XY-na,time-intv,Amon,prsn,prsn,tavg-u-hxy-u,prsn_tavg-u-hxy-u,glb,Amon.prsn,atmos.prsn.tavg-u-hxy-u.mon.glb,bab42b88-e5dd-11e5-8482-ac72891c3257,,
27,atmos.prw.tavg-u-hxy-u.mon.glb,mon,atmos,atmosphere_mass_content_of_water_vapor,kg m-2,area: time: mean,area: areacella,Water Vapor Path,Vertically integrated mass of water vapour through the atmospheric column,,longitude latitude time,prw,real,,XY-na,time-intv,Amon,prw,prw,tavg-u-hxy-u,prw_tavg-u-hxy-u,glb,Amon.prw,atmos.prw.tavg-u-hxy-u.mon.glb,bab45df6-e5dd-11e5-8482-ac72891c3257,,
28,atmos.ps.tavg-u-hxy-u.day.glb,day,atmos,surface_air_pressure,Pa,area: time: mean,area: areacella,Surface Air Pressure,"surface pressure (not mean sea-level pressure), 2-D field to calculate the 3-D pressure field from hybrid coordinates",,longitude latitude time,ps,real,,XY-na,time-intv,CFday,ps,ps,tavg-u-hxy-u,ps_tavg-u-hxy-u,glb,CFday.ps,atmos.ps.tavg-u-hxy-u.day.glb,bab46db4-e5dd-11e5-8482-ac72891c3257,,
29,atmos.ps.tavg-u-hxy-u.mon.glb,mon,atmos,surface_air_pressure,Pa,area: time: mean,area: areacella,Surface Air Pressure,"not, in general, the same as mean sea-level pressure",,longitude latitude time,ps,real,,XY-na,time-intv,Amon,ps,ps,tavg-u-hxy-u,ps_tavg-u-hxy-u,glb,Amon.ps,atmos.ps.tavg-u-hxy-u.mon.glb,bab47b56-e5dd-11e5-8482-ac72891c3257,,
30,atmos.psl.tavg-u-hxy-u.day.glb,day,atmos,air_pressure_at_mean_sea_level,Pa,area: time: mean,area: areacella,Sea Level Pressure,Sea Level Pressure,,longitude latitude time,psl,real,,XY-na,time-intv,day,psl,psl,tavg-u-hxy-u,psl_tavg-u-hxy-u,glb,day.psl,atmos.psl.tavg-u-hxy-u.day.glb,bab491f4-e5dd-11e5-8482-ac72891c3257,,
31,atmos.psl.tavg-u-hxy-u.mon.glb,mon,atmos,air_pressure_at_mean_sea_level,Pa,area: time: mean,area: areacella,Sea Level Pressure,"not, in general, the same as surface pressure",,longitude latitude time,psl,real,,XY-na,time-intv,Amon,psl,psl,tavg-u-hxy-u,psl_tavg-u-hxy-u,glb,Amon.psl,atmos.psl.tavg-u-hxy-u.mon.glb,bab48ce0-e5dd-11e5-8482-ac72891c3257,,
32,atmos.rlds.tavg-u-hxy-u.mon.glb,mon,atmos,surface_downwelling_longwave_flux_in_air,W m-2,area: time: mean,area: areacella,Surface Downwelling Longwave Radiation,"The surface called ""surface"" means the lower boundary of the atmosphere. ""longwave"" means longwave radiation. Downwelling radiation is radiation from above. It does not mean ""net downward"". When thought of as being incident on a surface, a radiative flux is sometimes called ""irradiance"". In addition, it is identical with the quantity measured by a cosine-collector light-meter and sometimes called ""vector irradiance"". In accordance with common usage in geophysical disciplines, ""flux"" implies per unit area, called ""flux density"" in physics.",,longitude latitude time,rlds,real,down,XY-na,time-intv,Amon,rlds,rlds,tavg-u-hxy-u,rlds_tavg-u-hxy-u,glb,Amon.rlds,atmos.rlds.tavg-u-hxy-u.mon.glb,bab52da8-e5dd-11e5-8482-ac72891c3257,,
33,atmos.rldscs.tavg-u-hxy-u.mon.glb,mon,atmos,surface_downwelling_longwave_flux_in_air_assuming_clear_sky,W m-2,area: time: mean,area: areacella,Surface Downwelling Clear-Sky Longwave Radiation,Surface downwelling clear-sky longwave radiation,,longitude latitude time,rldscs,real,down,XY-na,time-intv,Amon,rldscs,rldscs,tavg-u-hxy-u,rldscs_tavg-u-hxy-u,glb,Amon.rldscs,atmos.rldscs.tavg-u-hxy-u.mon.glb,bab5540e-e5dd-11e5-8482-ac72891c3257,,
34,atmos.rlus.tavg-u-hxy-u.mon.glb,mon,atmos,surface_upwelling_longwave_flux_in_air,W m-2,area: time: mean,area: areacella,Surface Upwelling Longwave Radiation,"The surface called ""surface"" means the lower boundary of the atmosphere. ""longwave"" means longwave radiation. Upwelling radiation is radiation from below. It does not mean ""net upward"". When thought of as being incident on a surface, a radiative flux is sometimes called ""irradiance"". In addition, it is identical with the quantity measured by a cosine-collector light-meter and sometimes called ""vector irradiance"". In accordance with common usage in geophysical disciplines, ""flux"" implies per unit area, called ""flux density"" in physics.",,longitude latitude time,rlus,real,up,XY-na,time-intv,Amon,rlus,rlus,tavg-u-hxy-u,rlus_tavg-u-hxy-u,glb,Amon.rlus,atmos.rlus.tavg-u-hxy-u.mon.glb,bab578d0-e5dd-11e5-8482-ac72891c3257,,
35,atmos.rluscs.tavg-u-hxy-u.mon.glb,mon,atmos,surface_upwelling_longwave_flux_assuming_clear_sky,W m-2,area: time: mean,area: areacella,Surface Upwelling Clear-Sky Longwave Radiation,Surface Upwelling Clear-sky Longwave Radiation,,longitude latitude time,rluscs,real,up,XY-na,time-intv,Amon,rluscs,rluscs,tavg-u-hxy-u,rluscs_tavg-u-hxy-u,glb,Amon.rluscs,atmos.rluscs.tavg-u-hxy-u.mon.glb,80ab71f6-a698-11ef-914a-613c0433d878,,
36,atmos.rlut.tavg-u-hxy-u.mon.glb,mon,atmos,toa_outgoing_longwave_flux,W m-2,area: time: mean,area: areacella,TOA Outgoing Longwave Radiation,at the top of the atmosphere (to be compared with satellite measurements),,longitude latitude time,rlut,real,up,XY-na,time-intv,Amon,rlut,rlut,tavg-u-hxy-u,rlut_tavg-u-hxy-u,glb,Amon.rlut,atmos.rlut.tavg-u-hxy-u.mon.glb,bab5aad0-e5dd-11e5-8482-ac72891c3257,,
37,atmos.rlutcs.tavg-u-hxy-u.mon.glb,mon,atmos,toa_outgoing_longwave_flux_assuming_clear_sky,W m-2,area: time: mean,area: areacella,TOA Outgoing Clear-Sky Longwave Radiation,Upwelling clear-sky longwave radiation at top of atmosphere,,longitude latitude time,rlutcs,real,up,XY-na,time-intv,Amon,rlutcs,rlutcs,tavg-u-hxy-u,rlutcs_tavg-u-hxy-u,glb,Amon.rlutcs,atmos.rlutcs.tavg-u-hxy-u.mon.glb,bab5bcdc-e5dd-11e5-8482-ac72891c3257,,
38,atmos.rsds.tavg-u-hxy-u.day.glb,day,atmos,surface_downwelling_shortwave_flux_in_air,W m-2,area: time: mean,area: areacella,Surface Downwelling Shortwave Radiation,Surface solar irradiance for UV calculations.,,longitude latitude time,rsds,real,down,XY-na,time-intv,day,rsds,rsds,tavg-u-hxy-u,rsds_tavg-u-hxy-u,glb,day.rsds,atmos.rsds.tavg-u-hxy-u.day.glb,bab5ecd4-e5dd-11e5-8482-ac72891c3257,,
39,atmos.rsds.tavg-u-hxy-u.mon.glb,mon,atmos,surface_downwelling_shortwave_flux_in_air,W m-2,area: time: mean,area: areacella,Surface Downwelling Shortwave Radiation,Surface solar irradiance for UV calculations.,,longitude latitude time,rsds,real,down,XY-na,time-intv,Amon,rsds,rsds,tavg-u-hxy-u,rsds_tavg-u-hxy-u,glb,Amon.rsds,atmos.rsds.tavg-u-hxy-u.mon.glb,bab5e1b2-e5dd-11e5-8482-ac72891c3257,,
40,atmos.rsdscs.tavg-u-hxy-u.mon.glb,mon,atmos,surface_downwelling_shortwave_flux_in_air_assuming_clear_sky,W m-2,area: time: mean,area: areacella,Surface Downwelling Clear-Sky Shortwave Radiation,Surface solar irradiance clear sky for UV calculations,,longitude latitude time,rsdscs,real,down,XY-na,time-intv,Amon,rsdscs,rsdscs,tavg-u-hxy-u,rsdscs_tavg-u-hxy-u,glb,Amon.rsdscs,atmos.rsdscs.tavg-u-hxy-u.mon.glb,bab607c8-e5dd-11e5-8482-ac72891c3257,,
41,atmos.rsdt.tavg-u-hxy-u.mon.glb,mon,atmos,toa_incoming_shortwave_flux,W m-2,area: time: mean,area: areacella,TOA Incident Shortwave Radiation,at the top of the atmosphere,,longitude latitude time,rsdt,real,down,XY-na,time-intv,Amon,rsdt,rsdt,tavg-u-hxy-u,rsdt_tavg-u-hxy-u,glb,Amon.rsdt,atmos.rsdt.tavg-u-hxy-u.mon.glb,bab6219a-e5dd-11e5-8482-ac72891c3257,,
42,atmos.rsus.tavg-u-hxy-u.mon.glb,mon,atmos,surface_upwelling_shortwave_flux_in_air,W m-2,area: time: mean,area: areacella,Surface Upwelling Shortwave Radiation,"The surface called ""surface"" means the lower boundary of the atmosphere. ""shortwave"" means shortwave radiation. Upwelling radiation is radiation from below. It does not mean ""net upward"". When thought of as being incident on a surface, a radiative flux is sometimes called ""irradiance"". In addition, it is identical with the quantity measured by a cosine-collector light-meter and sometimes called ""vector irradiance"". In accordance with common usage in geophysical disciplines, ""flux"" implies per unit area, called ""flux density"" in physics.",,longitude latitude time,rsus,real,up,XY-na,time-intv,Amon,rsus,rsus,tavg-u-hxy-u,rsus_tavg-u-hxy-u,glb,Amon.rsus,atmos.rsus.tavg-u-hxy-u.mon.glb,bab6537c-e5dd-11e5-8482-ac72891c3257,,
43,atmos.rsuscs.tavg-u-hxy-u.mon.glb,mon,atmos,surface_upwelling_shortwave_flux_in_air_assuming_clear_sky,W m-2,area: time: mean,area: areacella,Surface Upwelling Clear-Sky Shortwave Radiation,Surface Upwelling Clear-sky Shortwave Radiation,,longitude latitude time,rsuscs,real,up,XY-na,time-intv,Amon,rsuscs,rsuscs,tavg-u-hxy-u,rsuscs_tavg-u-hxy-u,glb,Amon.rsuscs,atmos.rsuscs.tavg-u-hxy-u.mon.glb,bab670b4-e5dd-11e5-8482-ac72891c3257,,
44,atmos.rsut.tavg-u-hxy-u.mon.glb,mon,atmos,toa_outgoing_shortwave_flux,W m-2,area: time: mean,area: areacella,TOA Outgoing Shortwave Radiation,at the top of the atmosphere,,longitude latitude time,rsut,real,up,XY-na,time-intv,Amon,rsut,rsut,tavg-u-hxy-u,rsut_tavg-u-hxy-u,glb,Amon.rsut,atmos.rsut.tavg-u-hxy-u.mon.glb,bab68ebe-e5dd-11e5-8482-ac72891c3257,,
45,atmos.rsutcs.tavg-u-hxy-u.mon.glb,mon,atmos,toa_outgoing_shortwave_flux_assuming_clear_sky,W m-2,area: time: mean,area: areacella,TOA Outgoing Clear-Sky Shortwave Radiation,Calculated in the absence of clouds.,,longitude latitude time,rsutcs,real,up,XY-na,time-intv,Amon,rsutcs,rsutcs,tavg-u-hxy-u,rsutcs_tavg-u-hxy-u,glb,Amon.rsutcs,atmos.rsutcs.tavg-u-hxy-u.mon.glb,bab69c06-e5dd-11e5-8482-ac72891c3257,,
46,atmos.sfcWind.tavg-h10m-hxy-u.day.glb,day,atmos,wind_speed,m s-1,area: time: mean,area: areacella,Near-Surface Wind Speed,"near-surface (usually, 10 meters) wind speed.",normally report this at 10 meters above the surface,longitude latitude time height10m,sfcWind,real,,XY-na,time-intv,day,sfcWind,sfcWind,tavg-h10m-hxy-u,sfcWind_tavg-h10m-hxy-u,glb,day.sfcWind,atmos.sfcWind.tavg-h10m-hxy-u.day.glb,bab6fe58-e5dd-11e5-8482-ac72891c3257,,
47,atmos.sfcWind.tavg-h10m-hxy-u.mon.glb,mon,atmos,wind_speed,m s-1,area: time: mean,area: areacella,Near-Surface Wind Speed,"This is the mean of the speed, not the speed computed from the mean u and v components of wind","normally, the the wind component should be reported at the 10 meter height",longitude latitude time height10m,sfcWind,real,,XY-na,time-intv,Amon,sfcWind,sfcWind,tavg-h10m-hxy-u,sfcWind_tavg-h10m-hxy-u,glb,Amon.sfcWind,atmos.sfcWind.tavg-h10m-hxy-u.mon.glb,bab6f494-e5dd-11e5-8482-ac72891c3257,,
48,atmos.sftlf.ti-u-hxy-u.fx.glb,fx,atmos,land_area_fraction,%,area: mean,area: areacella,Percentage of the Grid Cell Occupied by Land (Including Lakes),Percentage of horizontal area occupied by land.,"For atmospheres with more than 1 mesh (e.g., staggered grids), report areas that apply to surface vertical fluxes of energy.",longitude latitude,sftlf,real,,XY-na,None,fx,sftlf,sftlf,ti-u-hxy-u,sftlf_ti-u-hxy-u,glb,fx.sftlf,atmos.sftlf.ti-u-hxy-u.fx.glb,bab742c8-e5dd-11e5-8482-ac72891c3257,,
49,atmos.ta.tavg-p19-hxy-air.day.glb,day,atmos,air_temperature,K,area: time: mean where air,area: areacella,Air Temperature,Air Temperature,"CHANGE SINCE CMIP6 in Dimensions - CMIP6:longitude latitude plev8 time CMIP7:longitude latitude plev19 time, CHANGE SINCE CMIP6 in Cell Methods - CMIP6:time: mean CMIP7:area: time: mean where air,",longitude latitude plev19 time,ta,real,,XY-P19,time-intv,day,ta,ta,tavg-p19-hxy-air,ta_tavg-p19-hxy-air,glb,day.ta,atmos.ta.tavg-p19-hxy-air.day.glb,bab902e8-e5dd-11e5-8482-ac72891c3257,,
50,atmos.ta.tavg-p19-hxy-air.mon.glb,mon,atmos,air_temperature,K,area: time: mean where air,area: areacella,Air Temperature,Air Temperature,"CHANGE SINCE CMIP6 in Cell Methods - CMIP6:time: mean CMIP7:area: time: mean where air,",longitude latitude plev19 time,ta,real,,XY-P19,time-intv,Amon,ta,ta,tavg-p19-hxy-air,ta_tavg-p19-hxy-air,glb,Amon.ta,atmos.ta.tavg-p19-hxy-air.mon.glb,bab8fa0a-e5dd-11e5-8482-ac72891c3257,,
51,atmos.ta.tpt-p3-hxy-air.6hr.glb,6hr,atmos,air_temperature,K,area: mean where air time: point,area: areacella,Air Temperature,Air Temperature,"On the following pressure levels: 850, 500, 250 hPa
CHANGE SINCE CMIP6 in Cell Methods - CMIP6:area: mean time: point CMIP7:area: mean where air time: point,",longitude latitude plev3 time1,ta,real,,XY-P3,time-point,6hrPlevPt,ta,ta,tpt-p3-hxy-air,ta_tpt-p3-hxy-air,glb,6hrPlevPt.ta,atmos.ta.tpt-p3-hxy-air.6hr.glb,6a35d178-aa6a-11e6-9736-5404a60d96b5,,
52,atmos.tas.tavg-h2m-hxy-u.day.glb,day,atmos,air_temperature,K,area: time: mean,area: areacella,Near-Surface Air Temperature,"near-surface (usually, 2 meter) air temperature",normally report this at 2 meters above the surface,longitude latitude time height2m,tas,real,,XY-na,time-intv,day,tas,tas,tavg-h2m-hxy-u,tas_tavg-h2m-hxy-u,glb,day.tas,atmos.tas.tavg-h2m-hxy-u.day.glb,bab928ae-e5dd-11e5-8482-ac72891c3257,,
53,atmos.tas.tavg-h2m-hxy-u.mon.glb,mon,atmos,air_temperature,K,area: time: mean,area: areacella,Near-Surface Air Temperature,"near-surface (usually, 2 meter) air temperature",normally report this at 2 meters above the surface,longitude latitude time height2m,tas,real,,XY-na,time-intv,Amon,tas,tas,tavg-h2m-hxy-u,tas_tavg-h2m-hxy-u,glb,Amon.tas,atmos.tas.tavg-h2m-hxy-u.mon.glb,bab9237c-e5dd-11e5-8482-ac72891c3257,,
54,atmos.tas.tmax-h2m-hxy-u.day.glb,day,atmos,air_temperature,K,area: mean time: maximum,area: areacella,Daily Maximum Near-Surface Air Temperature,"maximum near-surface (usually, 2 meter) air temperature (add cell_method attribute ""time: max"")",normally report this at 2 meters above the surface,longitude latitude time height2m,tas,real,,XY-na,time-intv,day,tasmax,tas,tmax-h2m-hxy-u,tas_tmax-h2m-hxy-u,glb,day.tasmax,atmos.tas.tmax-h2m-hxy-u.day.glb,bab94a50-e5dd-11e5-8482-ac72891c3257,,
55,atmos.tas.tmaxavg-h2m-hxy-u.mon.glb,mon,atmos,air_temperature,K,area: mean time: maximum within days time: mean over days,area: areacella,Daily Maximum Near-Surface Air Temperature,monthly mean of the daily-maximum near-surface air temperature.,"Normally, this should be reported at the 2 meter height. CHANGE SINCE CMIP6 in Dimensions - CMIP6:longitude latitude time height2m CMIP7:longitude latitude time4 height2m,",longitude latitude time4 height2m,tas,real,,XY-na,monthly-mean-daily-stat,Amon,tasmax,tas,tmaxavg-h2m-hxy-u,tas_tmaxavg-h2m-hxy-u,glb,Amon.tasmax,atmos.tas.tmaxavg-h2m-hxy-u.mon.glb,bab942a8-e5dd-11e5-8482-ac72891c3257,,
56,atmos.tas.tmin-h2m-hxy-u.day.glb,day,atmos,air_temperature,K,area: mean time: minimum,area: areacella,Daily Minimum Near-Surface Air Temperature,"minimum near-surface (usually, 2 meter) air temperature (add cell_method attribute ""time: min"")",normally report this at 2 meters above the surface,longitude latitude time height2m,tas,real,,XY-na,time-intv,day,tasmin,tas,tmin-h2m-hxy-u,tas_tmin-h2m-hxy-u,glb,day.tasmin,atmos.tas.tmin-h2m-hxy-u.day.glb,bab95fae-e5dd-11e5-8482-ac72891c3257,,
57,atmos.tas.tminavg-h2m-hxy-u.mon.glb,mon,atmos,air_temperature,K,area: mean time: minimum within days time: mean over days,area: areacella,Daily Minimum Near-Surface Air Temperature,monthly mean of the daily-minimum near-surface air temperature.,"Normally, this should be reported at the 2 meter height. CHANGE SINCE CMIP6 in Dimensions - CMIP6:longitude latitude time height2m CMIP7:longitude latitude time4 height2m,",longitude latitude time4 height2m,tas,real,,XY-na,monthly-mean-daily-stat,Amon,tasmin,tas,tminavg-h2m-hxy-u,tas_tminavg-h2m-hxy-u,glb,Amon.tasmin,atmos.tas.tminavg-h2m-hxy-u.mon.glb,bab955ea-e5dd-11e5-8482-ac72891c3257,,
58,atmos.tas.tpt-h2m-hxy-u.3hr.glb,3hr,atmos,air_temperature,K,area: mean time: point,area: areacella,Near-Surface Air Temperature,This is sampled synoptically.,normally report this at 2 meters above the surface,longitude latitude time1 height2m,tas,real,,XY-na,time-point,3hr,tas,tas,tpt-h2m-hxy-u,tas_tpt-h2m-hxy-u,glb,3hr.tas,atmos.tas.tpt-h2m-hxy-u.3hr.glb,bab91b20-e5dd-11e5-8482-ac72891c3257,,
59,atmos.tauu.tavg-u-hxy-u.mon.glb,mon,atmos,surface_downward_eastward_stress,Pa,area: time: mean,area: areacella,Surface Downward Eastward Wind Stress,Downward eastward wind stress at the surface,,longitude latitude time,tauu,real,down,XY-na,time-intv,Amon,tauu,tauu,tavg-u-hxy-u,tauu_tavg-u-hxy-u,glb,Amon.tauu,atmos.tauu.tavg-u-hxy-u.mon.glb,bab96cc4-e5dd-11e5-8482-ac72891c3257,,
60,atmos.tauv.tavg-u-hxy-u.mon.glb,mon,atmos,surface_downward_northward_stress,Pa,area: time: mean,area: areacella,Surface Downward Northward Wind Stress,Downward northward wind stress at the surface,,longitude latitude time,tauv,real,down,XY-na,time-intv,Amon,tauv,tauv,tavg-u-hxy-u,tauv_tavg-u-hxy-u,glb,Amon.tauv,atmos.tauv.tavg-u-hxy-u.mon.glb,bab9888a-e5dd-11e5-8482-ac72891c3257,,
61,atmos.ts.tavg-u-hxy-u.mon.glb,mon,atmos,surface_temperature,K,area: time: mean,area: areacella,Surface Temperature,Surface temperature (skin for open ocean),,longitude latitude time,ts,real,,XY-na,time-intv,Amon,ts,ts,tavg-u-hxy-u,ts_tavg-u-hxy-u,glb,Amon.ts,atmos.ts.tavg-u-hxy-u.mon.glb,babaef0e-e5dd-11e5-8482-ac72891c3257,,
62,atmos.ua.tavg-p19-hxy-air.day.glb,day,atmos,eastward_wind,m s-1,area: time: mean where air,area: areacella,Eastward Wind,Zonal wind (positive in a eastward direction).,"CHANGE SINCE CMIP6 in Dimensions - CMIP6:longitude latitude plev8 time CMIP7:longitude latitude plev19 time, CHANGE SINCE CMIP6 in Cell Methods - CMIP6:time: mean CMIP7:area: time: mean where air,",longitude latitude plev19 time,ua,real,,XY-P19,time-intv,day,ua,ua,tavg-p19-hxy-air,ua_tavg-p19-hxy-air,glb,day.ua,atmos.ua.tavg-p19-hxy-air.day.glb,babb5084-e5dd-11e5-8482-ac72891c3257,,
63,atmos.ua.tavg-p19-hxy-air.mon.glb,mon,atmos,eastward_wind,m s-1,area: time: mean where air,area: areacella,Eastward Wind,Zonal wind (positive in a eastward direction).,"CHANGE SINCE CMIP6 in Cell Methods - CMIP6:time: mean CMIP7:area: time: mean where air,",longitude latitude plev19 time,ua,real,,XY-P19,time-intv,Amon,ua,ua,tavg-p19-hxy-air,ua_tavg-p19-hxy-air,glb,Amon.ua,atmos.ua.tavg-p19-hxy-air.mon.glb,babb4b34-e5dd-11e5-8482-ac72891c3257,,
64,atmos.ua.tpt-p3-hxy-air.6hr.glb,6hr,atmos,eastward_wind,m s-1,area: mean where air time: point,area: areacella,Eastward Wind,Zonal wind (positive in a eastward direction).,"On the following pressure levels: 850, 500, 250 hPa. CHANGE SINCE CMIP6 in Cell Methods - CMIP6:area: mean time: point CMIP7:area: mean where air time: point,",longitude latitude plev3 time1,ua,real,,XY-P3,time-point,6hrPlevPt,ua,ua,tpt-p3-hxy-air,ua_tpt-p3-hxy-air,glb,6hrPlevPt.ua,atmos.ua.tpt-p3-hxy-air.6hr.glb,8bae55ba-4a5b-11e6-9cd2-ac72891c3257,,
65,atmos.uas.tavg-h10m-hxy-u.day.glb,day,atmos,eastward_wind,m s-1,area: time: mean,area: areacella,Eastward Near-Surface Wind,"Eastward component of the near-surface (usually, 10 meters)  wind",normally report this at 10 meters above the surface,longitude latitude time height10m,uas,real,,XY-na,time-intv,day,uas,uas,tavg-h10m-hxy-u,uas_tavg-h10m-hxy-u,glb,day.uas,atmos.uas.tavg-h10m-hxy-u.day.glb,babb6cea-e5dd-11e5-8482-ac72891c3257,,
66,atmos.uas.tavg-h10m-hxy-u.mon.glb,mon,atmos,eastward_wind,m s-1,area: time: mean,area: areacella,Eastward Near-Surface Wind,"Eastward component of the near-surface (usually, 10 meters)  wind","normally, the the wind component should be reported at the 10 meter height",longitude latitude time height10m,uas,real,,XY-na,time-intv,Amon,uas,uas,tavg-h10m-hxy-u,uas_tavg-h10m-hxy-u,glb,Amon.uas,atmos.uas.tavg-h10m-hxy-u.mon.glb,babb67c2-e5dd-11e5-8482-ac72891c3257,,
67,atmos.uas.tpt-h10m-hxy-u.3hr.glb,3hr,atmos,eastward_wind,m s-1,area: mean time: point,area: areacella,Eastward Near-Surface Wind,This is sampled synoptically.,"CHANGE SINCE CMIP6: compound name,",longitude latitude time1 height10m,uas,real,,XY-na,time-point,3hrPt,uas,uas,tpt-h10m-hxy-u,uas_tpt-h10m-hxy-u,glb,3hrPt.uas,atmos.uas.tpt-h10m-hxy-u.3hr.glb,babb5db8-e5dd-11e5-8482-ac72891c3257,,
68,atmos.va.tavg-p19-hxy-air.day.glb,day,atmos,northward_wind,m s-1,area: time: mean where air,area: areacella,Northward Wind,Meridional wind (positive in a northward direction).,"CHANGE SINCE CMIP6 in Dimensions - CMIP6:longitude latitude plev8 time CMIP7:longitude latitude plev19 time, CHANGE SINCE CMIP6 in Cell Methods - CMIP6:time: mean CMIP7:area: time: mean where air,",longitude latitude plev19 time,va,real,,XY-P19,time-intv,day,va,va,tavg-p19-hxy-air,va_tavg-p19-hxy-air,glb,day.va,atmos.va.tavg-p19-hxy-air.day.glb,babbbbe6-e5dd-11e5-8482-ac72891c3257,,
69,atmos.va.tavg-p19-hxy-air.mon.glb,mon,atmos,northward_wind,m s-1,area: time: mean where air,area: areacella,Northward Wind,Meridional wind (positive in a northward direction).,,longitude latitude plev19 time,va,real,,XY-P19,time-intv,Amon,va,va,tavg-p19-hxy-air,va_tavg-p19-hxy-air,glb,Amon.va,atmos.va.tavg-p19-hxy-air.mon.glb,babbb25e-e5dd-11e5-8482-ac72891c3257,,
70,atmos.va.tpt-p3-hxy-air.6hr.glb,6hr,atmos,northward_wind,m s-1,area: mean where air time: point,area: areacella,Northward Wind,Meridional wind (positive in a northward direction).,"on the following pressure levels: 850, 500, 250 hPa. CHANGE SINCE CMIP6 in Cell Methods - CMIP6:area: mean time: point CMIP7:area: mean where air time: point,",longitude latitude plev3 time1,va,real,,XY-P3,time-point,6hrPlevPt,va,va,tpt-p3-hxy-air,va_tpt-p3-hxy-air,glb,6hrPlevPt.va,atmos.va.tpt-p3-hxy-air.6hr.glb,8bae5aba-4a5b-11e6-9cd2-ac72891c3257,,
71,atmos.vas.tavg-h10m-hxy-u.day.glb,day,atmos,northward_wind,m s-1,area: time: mean,area: areacella,Northward Near-Surface Wind,Northward component of the near surface wind,normally report this at 10 meters above the surface,longitude latitude time height10m,vas,real,,XY-na,time-intv,day,vas,vas,tavg-h10m-hxy-u,vas_tavg-h10m-hxy-u,glb,day.vas,atmos.vas.tavg-h10m-hxy-u.day.glb,babbd25c-e5dd-11e5-8482-ac72891c3257,,
72,atmos.vas.tavg-h10m-hxy-u.mon.glb,mon,atmos,northward_wind,m s-1,area: time: mean,area: areacella,Northward Near-Surface Wind,Northward component of the near surface wind,"normally, the the wind component should be reported at the 10 meter height",longitude latitude time height10m,vas,real,,XY-na,time-intv,Amon,vas,vas,tavg-h10m-hxy-u,vas_tavg-h10m-hxy-u,glb,Amon.vas,atmos.vas.tavg-h10m-hxy-u.mon.glb,babbcd34-e5dd-11e5-8482-ac72891c3257,,
73,atmos.vas.tpt-h10m-hxy-u.3hr.glb,3hr,atmos,northward_wind,m s-1,area: mean time: point,area: areacella,Northward Near-Surface Wind,This is sampled synoptically.,"CHANGE SINCE CMIP6: compound name,",longitude latitude time1 height10m,vas,real,,XY-na,time-point,3hrPt,vas,vas,tpt-h10m-hxy-u,vas_tpt-h10m-hxy-u,glb,3hrPt.vas,atmos.vas.tpt-h10m-hxy-u.3hr.glb,babbdec8-e5dd-11e5-8482-ac72891c3257,,
74,atmos.wap.tavg-p19-hxy-air.mon.glb,mon,atmos,lagrangian_tendency_of_air_pressure,Pa s-1,area: time: mean where air,area: areacella,Omega (=dp/dt),"commonly referred to as ""omega"", this represents the vertical component of velocity in pressure coordinates (positive down)","CHANGE SINCE CMIP6 in Cell Methods - CMIP6:time: mean CMIP7:area: time: mean where air,",longitude latitude plev19 time,wap,real,,XY-P19,time-intv,Amon,wap,wap,tavg-p19-hxy-air,wap_tavg-p19-hxy-air,glb,Amon.wap,atmos.wap.tavg-p19-hxy-air.mon.glb,babd0906-e5dd-11e5-8482-ac72891c3257,,
75,atmos.wap.tavg-p19-hxy-u.day.glb,day,atmos,lagrangian_tendency_of_air_pressure,Pa s-1,time: mean,area: areacella,Omega (=dp/dt),"commonly referred to as ""omega"", this represents the vertical component of velocity in pressure coordinates (positive down)","CHANGE SINCE CMIP6 in Dimensions - CMIP6:longitude latitude plev8 time CMIP7:longitude latitude plev19 time,",longitude latitude plev19 time,wap,real,,XY-P19,time-intv,day,wap,wap,tavg-p19-hxy-u,wap_tavg-p19-hxy-u,glb,day.wap,atmos.wap.tavg-p19-hxy-u.day.glb,babd0e56-e5dd-11e5-8482-ac72891c3257,,
76,atmos.zg.tavg-p19-hxy-air.day.glb,day,atmos,geopotential_height,m,area: time: mean where air,area: areacella,Geopotential Height,"Geopotential is the sum of the specific gravitational potential energy relative to the geoid and the specific centripetal potential energy. Geopotential height is the geopotential divided by the standard acceleration due to gravity. It is numerically similar to the altitude (or geometric height) and not to the quantity with standard name height, which is relative to the surface.","CHANGE SINCE CMIP6 in Dimensions - CMIP6:longitude latitude plev8 time CMIP7:longitude latitude plev19 time, CHANGE SINCE CMIP6 in Cell Methods - CMIP6:time: mean CMIP7:area: time: mean where air,",longitude latitude plev19 time,zg,real,,XY-P19,time-intv,day,zg,zg,tavg-p19-hxy-air,zg_tavg-p19-hxy-air,glb,day.zg,atmos.zg.tavg-p19-hxy-air.day.glb,babda032-e5dd-11e5-8482-ac72891c3257,,
77,atmos.zg.tavg-p19-hxy-air.mon.glb,mon,atmos,geopotential_height,m,area: time: mean where air,area: areacella,Geopotential Height,"Geopotential is the sum of the specific gravitational potential energy relative to the geoid and the specific centripetal potential energy. Geopotential height is the geopotential divided by the standard acceleration due to gravity. It is numerically similar to the altitude (or geometric height) and not to the quantity with standard name height, which is relative to the surface.","CHANGE SINCE CMIP6 in Cell Methods - CMIP6:time: mean CMIP7:area: time: mean where air,",longitude latitude plev19 time,zg,real,,XY-P19,time-intv,Amon,zg,zg,tavg-p19-hxy-air,zg_tavg-p19-hxy-air,glb,Amon.zg,atmos.zg.tavg-p19-hxy-air.mon.glb,babd9ace-e5dd-11e5-8482-ac72891c3257,,