,name,frequency,modeling_realm,standard_name,units,cell_methods,cell_measures,long_name,comment,processing_note,dimensions,out_name,type,positive,spatial_shape,temporal_shape,cmip6_table,physical_parameter_name,variableRootDD,branding_label,branded_variable_name,region,cmip6_compound_name,cmip7_compound_name,uid,priority
130,land.areacellr.ti-u-hxy-u.fx.glb,fx,land,cell_area,m2,area: sum,,Grid-Cell Area for River Model Variables,"Cell areas for any grid used to report river model variables (may be the same as for atmospheric variables). These cell areas should be defined to enable exact calculation of area integrals (e.g., of vertical fluxes of energy at the surface and top of the atmosphere).",,longitude latitude,areacellr,real,,XY-na,None,fx,areacellr,areacellr,ti-u-hxy-u,areacellr_ti-u-hxy-u,glb,fx.areacellr,land.areacellr.ti-u-hxy-u.fx.glb,8306180c-76ca-11e7-ba39-ac72891c3257,high
131,land.c3PftFrac.tavg-u-hxy-u.mon.glb,mon,land,area_fraction,%,area: time: mean,area: areacella,Percentage Cover by C3 Plant Functional Type,"Percentage of entire grid cell  that is covered by C3 PFTs (including grass, crops, and trees).","Note that if this variable is independent of time, it should be stored only for a single time (user choice). CHANGE SINCE CMIP6 in Cell Methods - CMIP6:area: mean where land over all_area_types time: mean CMIP7:area: time: mean,",longitude latitude time typec3pft,c3PftFrac,real,,XY-na,time-intv,Lmon,c3PftFrac,c3PftFrac,tavg-u-hxy-u,c3PftFrac_tavg-u-hxy-u,glb,Lmon.c3PftFrac,land.c3PftFrac.tavg-u-hxy-u.mon.glb,baa897e6-e5dd-11e5-8482-ac72891c3257,low
132,land.c4PftFrac.tavg-u-hxy-u.mon.glb,mon,land,area_fraction,%,area: time: mean,area: areacella,Percentage Cover by C4 Plant Functional Type,Percentage of entire grid cell  that is covered by C4 PFTs (including grass and crops).,"Note that if this variable is independent of time, it should be stored only for a single time (user choice). CHANGE SINCE CMIP6 in Cell Methods - CMIP6:area: mean where land over all_area_types time: mean CMIP7:area: time: mean,",longitude latitude time typec4pft,c4PftFrac,real,,XY-na,time-intv,Lmon,c4PftFrac,c4PftFrac,tavg-u-hxy-u,c4PftFrac_tavg-u-hxy-u,glb,Lmon.c4PftFrac,land.c4PftFrac.tavg-u-hxy-u.mon.glb,baa89f8e-e5dd-11e5-8482-ac72891c3257,low
133,land.cropFracC3.tavg-u-hxy-u.mon.glb,mon,land,area_fraction,%,area: time: mean,area: areacella,Percentage Cover by C3 Crops,Percentage of entire grid cell covered by C3 crops,"CHANGE SINCE CMIP6 in Cell Methods - CMIP6:area: mean where land over all_area_types time: mean CMIP7:area: time: mean,",longitude latitude time typec3crop,cropFracC3,real,,XY-na,time-intv,Emon,cropFracC3,cropFracC3,tavg-u-hxy-u,cropFracC3_tavg-u-hxy-u,glb,Emon.cropFracC3,land.cropFracC3.tavg-u-hxy-u.mon.glb,8b81522c-4a5b-11e6-9cd2-ac72891c3257,medium
134,land.cropFracC4.tavg-u-hxy-u.mon.glb,mon,land,area_fraction,%,area: time: mean,area: areacella,Percentage Cover by C4 Crops,Percentage of entire grid cell covered by C4 crops,"CHANGE SINCE CMIP6 in Cell Methods - CMIP6:area: mean where land over all_area_types time: mean CMIP7:area: time: mean,",longitude latitude time typec4crop,cropFracC4,real,,XY-na,time-intv,Emon,cropFracC4,cropFracC4,tavg-u-hxy-u,cropFracC4_tavg-u-hxy-u,glb,Emon.cropFracC4,land.cropFracC4.tavg-u-hxy-u.mon.glb,6f6a8ea8-9acb-11e6-b7ee-ac72891c3257,medium
136,land.dcw.tavg-u-hxy-lnd.day.glb,day,land,change_over_time_in_canopy_water_amount,kg m-2,area: mean where land time: mean,area: areacella,Change in Interception Storage,change_over_time_in_canopy_water_amount,,longitude latitude time,dcw,real,,XY-na,time-intv,Eday,dcw,dcw,tavg-u-hxy-lnd,dcw_tavg-u-hxy-lnd,glb,Eday.dcw,land.dcw.tavg-u-hxy-lnd.day.glb,d2287216-4a9f-11e6-b84e-ac72891c3257,high
137,land.dslw.tavg-u-hxy-lnd.day.glb,day,land,change_over_time_in_mass_content_of_water_in_soil,kg m-2,area: mean where land time: mean,area: areacella,Change in Soil Moisture,Change in Soil Moisture,,longitude latitude time,dslw,real,,XY-na,time-intv,Eday,dslw,dslw,tavg-u-hxy-lnd,dslw_tavg-u-hxy-lnd,glb,Eday.dslw,land.dslw.tavg-u-hxy-lnd.day.glb,d2286460-4a9f-11e6-b84e-ac72891c3257,high
141,land.irrDem.tavg-u-hxy-u.day.glb,day,land,surface_downward_mass_flux_of_water_due_to_irrigation,kg m-2 s-1,area: time: mean,area: areacella,irrigation water demand,the total amount of irrigation water demand,,longitude latitude time,irrDem,real,,XY-na,time-intv,day,irrDem,irrDem,tavg-u-hxy-u,irrDem_tavg-u-hxy-u,glb,day.irrDem,land.irrDem.tavg-u-hxy-u.day.glb,80ab7437-a698-11ef-914a-613c0433d878,medium
142,land.irrGw.tavg-u-hxy-u.day.glb,day,land,surface_downward_mass_flux_of_water_due_to_irrigation,kg m-2 s-1,area: time: mean,area: areacella,irrigation water withdrawal from groundwater,"the amount of water withdrawal for irrigation from ground water, including deep soil water, confined and unconfined aquifer, etc",,longitude latitude time,irrGw,real,,XY-na,time-intv,day,irrGw,irrGw,tavg-u-hxy-u,irrGw_tavg-u-hxy-u,glb,day.irrGw,land.irrGw.tavg-u-hxy-u.day.glb,80ab7439-a698-11ef-914a-613c0433d878,medium
144,land.irrLut.tavg-u-hxy-u.day.glb,day,land,surface_downward_mass_flux_of_water_due_to_irrigation,kg m-2 s-1,area: time: mean,area: areacella,irrigation water withdrawal,the total amount of water withdrawal from multiple sources,,longitude latitude time,irrLut,real,,XY-na,time-intv,day,irrLut,irrLut,tavg-u-hxy-u,irrLut_tavg-u-hxy-u,glb,day.irrLut,land.irrLut.tavg-u-hxy-u.day.glb,80ab7436-a698-11ef-914a-613c0433d878,medium
145,land.irrSurf.tavg-u-hxy-u.day.glb,day,land,surface_downward_mass_flux_of_water_due_to_irrigation,kg m-2 s-1,area: time: mean,area: areacella,irrigation water withdrawal from surface water,"the amount of water withdrawal for irrigation from surface water, including rivers, lakes, reservoirs, etc.)",,longitude latitude time,irrSurf,real,,XY-na,time-intv,day,irrSurf,irrSurf,tavg-u-hxy-u,irrSurf_tavg-u-hxy-u,glb,day.irrSurf,land.irrSurf.tavg-u-hxy-u.day.glb,80ab7438-a698-11ef-914a-613c0433d878,medium
146,land.lai.tavg-u-hxy-lnd.day.glb,day,land,leaf_area_index,1,area: mean where land time: mean,area: areacella,Leaf Area Index,A ratio obtained by dividing the total upper leaf surface area of vegetation by the (horizontal) surface area of the land on which it grows.,,longitude latitude time,lai,real,,XY-na,time-intv,Eday,lai,lai,tavg-u-hxy-lnd,lai_tavg-u-hxy-lnd,glb,Eday.lai,land.lai.tavg-u-hxy-lnd.day.glb,8b7ff4ea-4a5b-11e6-9cd2-ac72891c3257,low
164,land.mrsow.tavg-u-hxy-lnd.day.glb,day,land,volume_fraction_of_condensed_water_in_soil_at_field_capacity,1,area: mean where land time: mean,area: areacella,Total Soil Wetness,relative_soil_moisture_content_above_field_capacity,,longitude latitude time,mrsow,real,,XY-na,time-intv,Eday,mrsow,mrsow,tavg-u-hxy-lnd,mrsow_tavg-u-hxy-lnd,glb,Eday.mrsow,land.mrsow.tavg-u-hxy-lnd.day.glb,d228a402-4a9f-11e6-b84e-ac72891c3257,high
166,land.orog.ti-u-hxy-u.fx.30S-90S,fx,land,surface_altitude,m,area: mean,area: areacella,Surface Altitude,"height above the geoid; as defined here, ""the geoid"" is a surface of constant geopotential that, if the ocean were at rest, would coincide with mean sea level. Under this definition, the geoid changes as the mean volume of the ocean changes (e.g., due to glacial melt, or global warming of the ocean).  Reported here is the height above the present-day geoid (0.0 over ocean).","This is a regional subset of the variable. If you are producing the global equivalent of fx.orogSouth30, you should omit this regional South30 version.",longitude latitude,orog,real,,XY-na,None,fx,orog,orog,ti-u-hxy-u,orog_ti-u-hxy-u,30S-90S,fx.orogSouth30,land.orog.ti-u-hxy-u.fx.30S-90S,80ac31ae-a698-11ef-914a-613c0433d878,high
168,land.pastureFracC3.tavg-u-hxy-u.mon.glb,mon,land,area_fraction,%,area: time: mean,area: areacella,C3 Pasture Area Percentage,Percentage of entire grid cell covered by C3 pasture,"CHANGE SINCE CMIP6 in Cell Methods - CMIP6:area: mean where land over all_area_types time: mean CMIP7:area: time: mean,",longitude latitude time typec3pastures,pastureFracC3,real,,XY-na,time-intv,Emon,pastureFracC3,pastureFracC3,tavg-u-hxy-u,pastureFracC3_tavg-u-hxy-u,glb,Emon.pastureFracC3,land.pastureFracC3.tavg-u-hxy-u.mon.glb,e706daf2-aa7f-11e6-9a4a-5404a60d96b5,medium
169,land.pastureFracC4.tavg-u-hxy-u.mon.glb,mon,land,area_fraction,%,area: time: mean,area: areacella,C4 Pasture Area Percentage,Percentage of entire grid cell covered by C4 pasture,"CHANGE SINCE CMIP6 in Cell Methods - CMIP6:area: mean where land over all_area_types time: mean CMIP7:area: time: mean,",longitude latitude time typec4pastures,pastureFracC4,real,,XY-na,time-intv,Emon,pastureFracC4,pastureFracC4,tavg-u-hxy-u,pastureFracC4_tavg-u-hxy-u,glb,Emon.pastureFracC4,land.pastureFracC4.tavg-u-hxy-u.mon.glb,e706df98-aa7f-11e6-9a4a-5404a60d96b5,medium
170,land.rivi.tavg-u-hxy-lnd.day.glb,day,land,incoming_water_volume_transport_along_river_channel,m3 s-1,area: mean where land time: mean,area: areacellr,River Inflow,water_flux_to_downstream,,longitude latitude time,rivi,real,,XY-na,time-intv,Eday,rivi,rivi,tavg-u-hxy-lnd,rivi_tavg-u-hxy-lnd,glb,Eday.rivi,land.rivi.tavg-u-hxy-lnd.day.glb,d2285fce-4a9f-11e6-b84e-ac72891c3257,high
172,land.rzwc.tavg-u-hxy-lnd.day.glb,day,land,mass_content_of_water_in_soil_layer_defined_by_root_depth,kg m-2,area: mean where land time: mean,area: areacella,Root Zone Soil Moisture,water_content_of_root_zone,,longitude latitude time,rzwc,real,,XY-na,time-intv,Eday,rzwc,rzwc,tavg-u-hxy-lnd,rzwc_tavg-u-hxy-lnd,glb,Eday.rzwc,land.rzwc.tavg-u-hxy-lnd.day.glb,d2287f90-4a9f-11e6-b84e-ac72891c3257,medium
173,land.tas.tavg-h2m-hxy-u.1hr.30S-90S,1hr,land,air_temperature,K,area: time: mean,area: areacella,Near-Surface Air Temperature,Hourly Temperature at 2m above the surface,"This is a regional subset of the variable. If you are producing the global equivalent of E1hr.tasSouth30, you should omit this regional South30 version.",longitude latitude time height2m,tas,real,,XY-na,time-intv,E1hr,tas,tas,tavg-h2m-hxy-u,tas_tavg-h2m-hxy-u,30S-90S,E1hr.tasSouth30,land.tas.tavg-h2m-hxy-u.1hr.30S-90S,80ac31e0-a698-11ef-914a-613c0433d878,high